{"branch": {"attack": 0.0, "normal": 0.0}, "cycles": {"attack": 0.0, "normal": 0.0}, "instructions": {"attack": 0.0, "normal": 0.0}, "time_diff": {"attack": 0.1245050175691859, "normal": 0.11805576165435971}, "branch_cycles": {"attack": 0.0, "normal": 0.0}, "branch_instructions": {"attack": 0.0, "normal": 0.0}, "branch_time_diff": {"attack": 1.0839772508645913, "normal": 1.4909699688655502}, "cycles_instructions": {"attack": 0.0, "normal": 0.0}, "cycles_time_diff": {"attack": 1.0839772508645913, "normal": 1.4909699688655502}, "instructions_time_diff": {"attack": 1.0839772508645913, "normal": 1.4909699688655502}, "branch_cycles_instructions": {"attack": 0.0, "normal": 0.0}, "branch_cycles_time_diff": {"attack": 1.6596605908418343, "normal": 2.3147184931922644}, "branch_instructions_time_diff": {"attack": 1.6596605908418343, "normal": 2.3147184931922644}, "cycles_instructions_time_diff": {"attack": 1.6596605908418343, "normal": 2.3147184931922644}, "branch_cycles_instructions_time_diff": {"attack": 2.043449484159997, "normal": 2.863884176076741}}