{"branch": {"attack": 9.740123297527859, "normal": 6.137248476493079}, "cycles": {"attack": 9.740123297527859, "normal": 6.137248476493079}, "instructions": {"attack": 9.740123297527859, "normal": 6.137248476493079}, "time_diff": {"attack": 5.777729346777051, "normal": 0.5275358859939572}, "branch_cycles": {"attack": 9.740123297527859, "normal": 6.137248476493079}, "branch_instructions": {"attack": 9.740123297527859, "normal": 6.137248476493079}, "branch_time_diff": {"attack": 5.777729346777051, "normal": 0.5275358859939572}, "cycles_instructions": {"attack": 9.740123297527859, "normal": 6.137248476493079}, "cycles_time_diff": {"attack": 5.777729346777051, "normal": 0.5275358859939572}, "instructions_time_diff": {"attack": 5.777729346777051, "normal": 0.5275358859939572}, "branch_cycles_instructions": {"attack": 9.740123297527859, "normal": 6.137248476493079}, "branch_cycles_time_diff": {"attack": 5.777729346777051, "normal": 0.5275358859939572}, "branch_instructions_time_diff": {"attack": 5.777729346777051, "normal": 0.5275358859939572}, "cycles_instructions_time_diff": {"attack": 5.777729346777051, "normal": 0.5275358859939572}, "branch_cycles_instructions_time_diff": {"attack": 5.777729346777051, "normal": 0.5275358859939572}}