{"branch": {"attack": 0.06442916993090779, "normal": 0.15933399999504458}, "cycles": {"attack": 0.06442916993090779, "normal": 0.15933399999504458}, "instructions": {"attack": 0.06442916993090779, "normal": 0.15933399999504458}, "time_diff": {"attack": 0.1245050175691859, "normal": 0.11805576165435971}, "branch_cycles": {"attack": 0.06442916993090779, "normal": 0.15933399999504458}, "branch_instructions": {"attack": 0.06442916993090779, "normal": 0.15933399999504458}, "branch_time_diff": {"attack": 2.0769700658132395, "normal": 4.289634528364009}, "cycles_instructions": {"attack": 0.06442916993090779, "normal": 0.15933399999504458}, "cycles_time_diff": {"attack": 2.0769700658132395, "normal": 4.289634528364009}, "instructions_time_diff": {"attack": 2.0769700658132395, "normal": 4.289634528364009}, "branch_cycles_instructions": {"attack": 0.06442916993090779, "normal": 0.15933399999504458}, "branch_cycles_time_diff": {"attack": 2.727791748561257, "normal": 5.680160783933891}, "branch_instructions_time_diff": {"attack": 2.727791748561257, "normal": 5.680160783933891}, "cycles_instructions_time_diff": {"attack": 2.727791748561257, "normal": 5.680160783933891}, "branch_cycles_instructions_time_diff": {"attack": 3.0532025899352653, "normal": 6.3754239117188325}}