{"branch": {"attack": 9.742735290903436, "normal": 8.82941518107257}, "cycles": {"attack": 9.742735290903436, "normal": 8.82941518107257}, "instructions": {"attack": 9.742735290903436, "normal": 8.82941518107257}, "time_diff": {"attack": 5.777729346777051, "normal": 0.5275358859939572}, "branch_cycles": {"attack": 9.742735290903436, "normal": 8.82941518107257}, "branch_instructions": {"attack": 9.742735290903436, "normal": 8.82941518107257}, "branch_time_diff": {"attack": 5.777729346777051, "normal": 0.5275358859939572}, "cycles_instructions": {"attack": 9.742735290903436, "normal": 8.82941518107257}, "cycles_time_diff": {"attack": 5.777729346777051, "normal": 0.5275358859939572}, "instructions_time_diff": {"attack": 5.777729346777051, "normal": 0.5275358859939572}, "branch_cycles_instructions": {"attack": 9.742735290903436, "normal": 8.82941518107257}, "branch_cycles_time_diff": {"attack": 5.777729346777051, "normal": 0.5275358859939572}, "branch_instructions_time_diff": {"attack": 5.777729346777051, "normal": 0.5275358859939572}, "cycles_instructions_time_diff": {"attack": 5.777729346777051, "normal": 0.5275358859939572}, "branch_cycles_instructions_time_diff": {"attack": 5.777729346777051, "normal": 0.5275358859939572}}