{"branch": {"attack": 0.3648213739357633, "normal": 0.5512790915301456}, "cycles": {"attack": 0.3648213739357633, "normal": 0.5512790915301456}, "instructions": {"attack": 0.3648213739357633, "normal": 0.5512790915301456}, "time_diff": {"attack": 1.3110768125816492, "normal": 0.8958285237364866}, "branch_cycles": {"attack": 0.3648213739357633, "normal": 0.5512790915301456}, "branch_instructions": {"attack": 0.3648213739357633, "normal": 0.5512790915301456}, "branch_time_diff": {"attack": 1.2483731389364403, "normal": 2.8002472035678987}, "cycles_instructions": {"attack": 0.3648213739357633, "normal": 0.5512790915301456}, "cycles_time_diff": {"attack": 1.2483731389364403, "normal": 2.8002472035678987}, "instructions_time_diff": {"attack": 1.2483731389364403, "normal": 2.8002472035678987}, "branch_cycles_instructions": {"attack": 0.3648213739357633, "normal": 0.5512790915301456}, "branch_cycles_time_diff": {"attack": 1.2274719143880373, "normal": 3.4350534301783693}, "branch_instructions_time_diff": {"attack": 1.2274719143880373, "normal": 3.4350534301783693}, "cycles_instructions_time_diff": {"attack": 1.2274719143880373, "normal": 3.4350534301783693}, "branch_cycles_instructions_time_diff": {"attack": 1.2170213021138354, "normal": 3.752456543483604}}