{"branch": {"attack": 8.721510970651842, "normal": 8.156424740593744}, "cycles": {"attack": 8.721510970651842, "normal": 8.156424740593744}, "instructions": {"attack": 8.721510970651842, "normal": 8.156424740593744}, "time_diff": {"attack": 7.900662879296374, "normal": 4.00303794872458}, "branch_cycles": {"attack": 8.721510970651842, "normal": 8.156424740593744}, "branch_instructions": {"attack": 8.721510970651842, "normal": 8.156424740593744}, "branch_time_diff": {"attack": 7.900662879296374, "normal": 4.00303794872458}, "cycles_instructions": {"attack": 8.721510970651842, "normal": 8.156424740593744}, "cycles_time_diff": {"attack": 7.900662879296374, "normal": 4.00303794872458}, "instructions_time_diff": {"attack": 7.900662879296374, "normal": 4.00303794872458}, "branch_cycles_instructions": {"attack": 8.721510970651842, "normal": 8.156424740593744}, "branch_cycles_time_diff": {"attack": 7.900662879296374, "normal": 4.00303794872458}, "branch_instructions_time_diff": {"attack": 7.900662879296374, "normal": 4.00303794872458}, "cycles_instructions_time_diff": {"attack": 7.900662879296374, "normal": 4.00303794872458}, "branch_cycles_instructions_time_diff": {"attack": 7.900662879296374, "normal": 4.00303794872458}}