{"branch": {"attack": 0.0, "normal": 0.0}, "cycles": {"attack": 0.0, "normal": 0.0}, "instructions": {"attack": 0.0, "normal": 0.0}, "time_diff": {"attack": 1.2806725184619008, "normal": 0.9160033393254045}, "branch_cycles": {"attack": 0.0, "normal": 0.0}, "branch_instructions": {"attack": 0.0, "normal": 0.0}, "branch_time_diff": {"attack": 0.9970950322310514, "normal": 1.6382367414858194}, "cycles_instructions": {"attack": 0.0, "normal": 0.0}, "cycles_time_diff": {"attack": 0.9970950322310514, "normal": 1.6382367414858194}, "instructions_time_diff": {"attack": 0.9970950322310514, "normal": 1.6382367414858194}, "branch_cycles_instructions": {"attack": 0.0, "normal": 0.0}, "branch_cycles_time_diff": {"attack": 0.8269485404925419, "normal": 2.0715767827820684}, "branch_instructions_time_diff": {"attack": 0.8269485404925419, "normal": 2.0715767827820684}, "cycles_instructions_time_diff": {"attack": 0.8269485404925419, "normal": 2.0715767827820684}, "branch_cycles_instructions_time_diff": {"attack": 0.7135175460002022, "normal": 2.3604701436462343}}