{"branch": {"attack": 8.598801195387047, "normal": 7.898126695022543}, "cycles": {"attack": 8.598801195387047, "normal": 7.898126695022543}, "instructions": {"attack": 8.598801195387047, "normal": 7.898126695022543}, "time_diff": {"attack": 8.452438621848543, "normal": 4.0931897470554786}, "branch_cycles": {"attack": 8.598801195387047, "normal": 7.898126695022543}, "branch_instructions": {"attack": 8.598801195387047, "normal": 7.898126695022543}, "branch_time_diff": {"attack": 8.452438621848543, "normal": 4.0931897470554786}, "cycles_instructions": {"attack": 8.598801195387047, "normal": 7.898126695022543}, "cycles_time_diff": {"attack": 8.452438621848543, "normal": 4.0931897470554786}, "instructions_time_diff": {"attack": 8.452438621848543, "normal": 4.0931897470554786}, "branch_cycles_instructions": {"attack": 8.598801195387047, "normal": 7.898126695022543}, "branch_cycles_time_diff": {"attack": 8.452438621848543, "normal": 4.0931897470554786}, "branch_instructions_time_diff": {"attack": 8.452438621848543, "normal": 4.0931897470554786}, "cycles_instructions_time_diff": {"attack": 8.452438621848543, "normal": 4.0931897470554786}, "branch_cycles_instructions_time_diff": {"attack": 8.452438621848543, "normal": 4.0931897470554786}}