{"2-39-139-28": {"branch": {"attack": {}, "normal": {"x86_pmu_disable": {"data_point": [1.91, 1.91, 1.91, 1.91, 1.91, 1.91, 1.91, 1.91, 1.91, 1.91, 1.91, 1.91, 1.91, 1.91, 1.91, 1.91, 1.16], "sampling_count": 17, "simulation_time": 53.209588, "sampling_resolution": 0.31949129168224344}, "psi_group_change": {"data_point": [30.83, 21.92, 21.02, 23.24, 18.42, 19.04, 16.02, 16.02, 16.02, 16.02, 16.02, 16.02, 16.02, 16.02, 16.02, 16.02, 16.02, 16.02, 16.02, 16.02, 16.02, 16.02, 9.76, 4.39, 9.47, 7.39, 4.82, 4.39, 4.39, 4.15, 4.15, 4.15, 4.15, 3.8, 3.18, 2.67, 2.45, 2.45, 1.53], "sampling_count": 39, "simulation_time": 53.209588, "sampling_resolution": 0.7329506103298526}, "event_sched_in": {"data_point": [8.23, 3.46, 7.02, 5.02, 3.34, 2.61, 4.72, 4.72, 4.72, 4.72, 4.72, 4.72, 4.72, 4.72, 4.72, 4.72, 4.72, 4.72, 4.72, 4.72, 4.72, 4.72, 2.88, 8.0, 6.03, 4.7, 3.07, 2.8, 2.8, 2.64, 2.64, 2.64, 2.64, 2.42, 2.02], "sampling_count": 35, "simulation_time": 53.209588, "sampling_resolution": 0.65777618875756}, "merge_sched_in": {"data_point": [11.21, 15.19, 6.91, 9.04, 6.02, 7.03, 5.91, 5.91, 5.91, 5.91, 5.91, 5.91, 5.91, 5.91, 5.91, 5.91, 5.91, 5.91, 5.91, 5.91, 5.91, 5.91, 3.6, 8.78, 6.61, 5.16, 12.18, 11.1, 11.1, 10.49, 10.49, 10.49, 10.49, 9.59, 8.02, 6.76, 6.2, 6.2, 3.87], "sampling_count": 39, "simulation_time": 53.209588, "sampling_resolution": 0.7329506103298526}, "perf_event_update_userpage": {"data_point": [6.7, 5.05, 3.94], "sampling_count": 3, "simulation_time": 53.209588, "sampling_resolution": 0.05638081617921943}, "perf_event_groups_insert": {"data_point": [10.48, 10.21, 7.3, 4.86, 3.8, 5.72, 5.72, 5.72, 5.72, 5.72, 5.72, 5.72, 5.72, 5.72, 5.72, 5.72, 5.72, 5.72, 5.72, 5.72, 5.72, 3.49, 1.57, 1.18, 0.92], "sampling_count": 25, "simulation_time": 53.209588, "sampling_resolution": 0.4698401348268286}, "visit_groups_merge.constprop.0.is": {"data_point": [14.01, 6.37, 4.56, 3.03, 2.37, 1.99, 1.99, 1.99, 1.99, 1.99, 1.99, 1.99, 1.99, 1.99, 1.99, 1.99, 1.99, 1.99, 1.99, 1.99, 1.99, 1.21, 0.55, 6.58, 5.13, 3.35, 3.05, 3.05, 2.88, 2.88, 2.88, 2.88, 11.21, 9.37, 7.89, 7.24, 7.24, 4.52], "sampling_count": 38, "simulation_time": 53.209588, "sampling_resolution": 0.7141570049367795}, "__srcu_read_lock": {"data_point": [8.19, 6.9, 6.33, 6.33, 3.95], "sampling_count": 5, "simulation_time": 53.209588, "sampling_resolution": 0.09396802696536573}, "inherit_event.constprop.0": {"data_point": [8.23, 3.46, 1.57, 1.13, 3.0, 2.53, 2.53, 2.53, 2.53, 2.53, 2.53, 2.53, 2.53, 2.53, 2.53, 2.53, 2.53, 2.53, 2.53, 2.53, 2.52, 1.54, 0.69, 6.69, 10.71, 6.99, 10.82, 10.82, 10.23, 10.23, 10.23, 10.23, 9.35, 7.82, 6.59, 6.04, 6.04, 3.77], "sampling_count": 38, "simulation_time": 53.209588, "sampling_resolution": 0.7141570049367795}, "perf_event_alloc": {"data_point": [5.45, 3.89, 5.3, 4.14, 3.48, 3.48, 3.48, 3.48, 3.48, 3.48, 3.48, 3.48, 3.48, 3.48, 3.48, 3.48, 3.48, 3.48, 3.48, 3.48, 2.12, 0.95, 0.72, 4.78, 4.78, 4.52, 4.52, 4.52, 4.52, 4.13, 3.46, 2.91, 2.67, 2.67, 1.67], "sampling_count": 35, "simulation_time": 53.209588, "sampling_resolution": 0.65777618875756}}}, "cycles": {"attack": {"syscall_exit_to_user_mode": {"data_point": [8.18, 5.57], "sampling_count": 2, "simulation_time": 29.238053, "sampling_resolution": 0.06840400761295562}, "native_write_msr": {"data_point": [0.0], "sampling_count": 1, "simulation_time": 29.238053, "sampling_resolution": 0.03420200380647781}}, "normal": {"native_write_msr": {"data_point": [0.0], "sampling_count": 1, "simulation_time": 53.209588, "sampling_resolution": 0.018793605393073145}, "syscall_return_via_sysret": {"data_point": [25.0, 25.0, 25.0, 25.0, 25.0, 25.0, 25.0, 25.0, 25.0, 25.0, 25.0, 25.0, 25.0, 25.0, 25.0, 25.0, 25.0, 25.0, 25.0, 25.0, 25.0, 25.0, 25.0, 25.0, 25.0, 25.0, 25.0, 25.0, 25.0, 25.0], "sampling_count": 30, "simulation_time": 53.209588, "sampling_resolution": 0.5638081617921943}}}, "instructions": {"attack": {"slab_free_freelist_hook.constprop": {"data_point": [], "sampling_count": 0, "simulation_time": 29.238053, "sampling_resolution": 0.0}, "intel_pmu_enable_all": {"data_point": [0.0, 0.0], "sampling_count": 2, "simulation_time": 29.238053, "sampling_resolution": 0.06840400761295562}, "__intel_pmu_enable_all.constprop.": {"data_point": [0.0], "sampling_count": 1, "simulation_time": 29.238053, "sampling_resolution": 0.03420200380647781}}, "normal": {"iterate_groups": {"data_point": [11.14, 11.14, 11.14, 11.14, 11.14, 11.14, 11.14, 11.14, 11.14, 11.14, 11.14, 11.14, 11.14, 11.14, 11.14, 11.14, 3.93, 2.87, 1.77, 1.23, 1.23, 1.23, 1.23, 1.23, 1.23, 1.23, 1.23, 1.23, 0.82, 0.59, 0.59, 0.59], "sampling_count": 32, "simulation_time": 53.209588, "sampling_resolution": 0.6013953725783406}, "kfree": {"data_point": [11.14, 11.14, 11.14, 11.14, 11.14, 11.14, 11.14, 11.14, 11.14, 11.14, 11.14, 11.14, 11.14, 11.14, 11.14, 11.14, 3.93, 2.87, 1.77, 1.23, 1.23, 1.23, 1.23, 1.23, 1.23, 1.23, 1.23, 1.23, 0.82, 0.59, 0.59, 0.59], "sampling_count": 32, "simulation_time": 53.209588, "sampling_resolution": 0.6013953725783406}, "event_sched_in": {"data_point": [11.14, 11.14, 11.14, 11.14, 11.14, 11.14, 11.14, 11.14, 11.14, 11.14, 11.14, 11.14, 11.14, 11.14, 11.14, 11.14, 3.93, 2.87, 1.77, 16.42, 16.42, 16.42, 16.42, 16.42, 16.42, 16.42, 16.42, 16.42, 10.91, 7.89, 7.89, 7.89], "sampling_count": 32, "simulation_time": 53.209588, "sampling_resolution": 0.6013953725783406}, "perf_event_update_userpage": {"data_point": [32.37, 23.63, 14.61, 10.17, 10.17, 10.17, 10.17, 10.17, 10.17, 10.17, 10.17, 10.17, 6.76, 4.89, 4.89, 4.89], "sampling_count": 16, "simulation_time": 53.209588, "sampling_resolution": 0.3006976862891703}, "slab_free_freelist_hook.constprop": {"data_point": [32.37, 23.63, 14.61, 10.17, 10.17, 10.17, 10.17, 10.17, 10.17, 10.17, 10.17, 10.17, 6.76, 4.89, 4.89, 4.89], "sampling_count": 16, "simulation_time": 53.209588, "sampling_resolution": 0.3006976862891703}, "__srcu_read_lock": {"data_point": [27.72, 27.72, 27.72], "sampling_count": 3, "simulation_time": 53.209588, "sampling_resolution": 0.05638081617921943}}}}, "2-39-89-25": {"branch": {"attack": {}, "normal": {"x86_pmu_disable": {"data_point": [2.64, 2.14], "sampling_count": 2, "simulation_time": 53.209588, "sampling_resolution": 0.03758721078614629}, "psi_group_change": {"data_point": [4.6, 9.91, 10.86, 8.18, 12.07, 12.47, 12.12, 12.12, 11.68, 11.68, 11.68, 11.09, 11.09, 11.09, 11.09, 16.83, 16.83, 14.39, 14.39, 14.39, 14.39, 14.39], "sampling_count": 22, "simulation_time": 53.209588, "sampling_resolution": 0.41345931864760915}, "event_sched_in": {"data_point": [10.5, 6.88, 5.39, 6.7, 5.42, 4.45, 4.32, 4.32, 7.75, 7.75, 7.75, 7.36, 7.36, 7.36, 7.36, 6.27, 6.27, 12.61, 12.61, 12.61, 12.61, 12.61], "sampling_count": 22, "simulation_time": 53.209588, "sampling_resolution": 0.41345931864760915}, "merge_sched_in": {"data_point": [2.56, 2.49, 2.49, 2.4, 2.4, 2.4, 2.28, 2.28, 2.28, 2.28, 1.94, 1.94, 1.66, 1.66, 1.66, 1.66, 1.66], "sampling_count": 17, "simulation_time": 53.209588, "sampling_resolution": 0.31949129168224344}, "perf_event_update_userpage": {"data_point": [7.85, 4.75, 3.11, 4.47, 3.62, 2.97, 2.89, 2.89, 2.78, 2.78, 2.78, 2.64, 2.64, 2.64, 2.64, 2.25, 2.25, 1.93, 1.93, 1.93, 1.93, 1.93], "sampling_count": 22, "simulation_time": 53.209588, "sampling_resolution": 0.41345931864760915}, "perf_event_groups_insert": {"data_point": [5.07, 5.07, 5.07, 5.07, 4.32, 4.32, 3.7, 3.7, 3.7, 3.7, 3.7], "sampling_count": 11, "simulation_time": 53.209588, "sampling_resolution": 0.20672965932380458}, "visit_groups_merge.constprop.0.is": {"data_point": [3.09, 2.33, 1.88], "sampling_count": 3, "simulation_time": 53.209588, "sampling_resolution": 0.05638081617921943}, "__srcu_read_lock": {"data_point": [2.73, 2.24, 2.18, 2.18, 2.1, 2.1, 2.1, 1.99, 1.99, 1.99, 1.99, 1.7, 1.7, 1.45, 1.45, 1.45, 1.45, 1.45], "sampling_count": 18, "simulation_time": 53.209588, "sampling_resolution": 0.3382848970753166},