{"branch": {"attack": 0.0, "normal": 0.0}, "cycles": {"attack": 0.0, "normal": 0.0}, "instructions": {"attack": 0.0, "normal": 0.0}, "time_diff": {"attack": 0.12440268128700567, "normal": 0.11805795635972786}, "branch_cycles": {"attack": 0.0, "normal": 0.0}, "branch_instructions": {"attack": 0.0, "normal": 0.0}, "branch_time_diff": {"attack": 1.0870010508259689, "normal": 1.537436568048274}, "cycles_instructions": {"attack": 0.0, "normal": 0.0}, "cycles_time_diff": {"attack": 1.0870010508259689, "normal": 1.537436568048274}, "instructions_time_diff": {"attack": 1.0870010508259689, "normal": 1.537436568048274}, "branch_cycles_instructions": {"attack": 0.0, "normal": 0.0}, "branch_cycles_time_diff": {"attack": 1.664560072549347, "normal": 2.3890637350614012}, "branch_instructions_time_diff": {"attack": 1.664560072549347, "normal": 2.3890637350614012}, "cycles_instructions_time_diff": {"attack": 1.664560072549347, "normal": 2.3890637350614012}, "branch_cycles_instructions_time_diff": {"attack": 2.049599420364932, "normal": 2.95681517973682}}