{"branch": {"attack": 9.747776530216072, "normal": 6.32311809621787}, "cycles": {"attack": 9.747776530216072, "normal": 6.32311809621787}, "instructions": {"attack": 9.747776530216072, "normal": 6.32311809621787}, "time_diff": {"attack": 5.7729803707732135, "normal": 0.5275456931039586}, "branch_cycles": {"attack": 9.747776530216072, "normal": 6.32311809621787}, "branch_instructions": {"attack": 9.747776530216072, "normal": 6.32311809621787}, "branch_time_diff": {"attack": 5.7729803707732135, "normal": 0.5275456931039586}, "cycles_instructions": {"attack": 9.747776530216072, "normal": 6.32311809621787}, "cycles_time_diff": {"attack": 5.7729803707732135, "normal": 0.5275456931039586}, "instructions_time_diff": {"attack": 5.7729803707732135, "normal": 0.5275456931039586}, "branch_cycles_instructions": {"attack": 9.747776530216072, "normal": 6.32311809621787}, "branch_cycles_time_diff": {"attack": 5.7729803707732135, "normal": 0.5275456931039586}, "branch_instructions_time_diff": {"attack": 5.7729803707732135, "normal": 0.5275456931039586}, "cycles_instructions_time_diff": {"attack": 5.7729803707732135, "normal": 0.5275456931039586}, "branch_cycles_instructions_time_diff": {"attack": 5.7729803707732135, "normal": 0.5275456931039586}}