{"branch": {"attack": 0.0, "normal": 0.0}, "cycles": {"attack": 0.0, "normal": 0.0}, "instructions": {"attack": 0.0, "normal": 0.0}, "time_diff": {"attack": 0.17909007894553675, "normal": 0.16149302699275403}, "branch_cycles": {"attack": 0.0, "normal": 0.0}, "branch_instructions": {"attack": 0.0, "normal": 0.0}, "branch_time_diff": {"attack": 0.4821074699040177, "normal": 1.887492340801387}, "cycles_instructions": {"attack": 0.0, "normal": 0.0}, "cycles_time_diff": {"attack": 0.4821074699040177, "normal": 1.887492340801387}, "instructions_time_diff": {"attack": 0.4821074699040177, "normal": 1.887492340801387}, "branch_cycles_instructions": {"attack": 0.0, "normal": 0.0}, "branch_cycles_time_diff": {"attack": 0.36158060242801326, "normal": 2.7504919977057036}, "branch_instructions_time_diff": {"attack": 0.36158060242801326, "normal": 2.7504919977057036}, "cycles_instructions_time_diff": {"attack": 0.36158060242801326, "normal": 2.7504919977057036}, "branch_cycles_instructions_time_diff": {"attack": 0.2892644819424106, "normal": 3.268291791848294}}