{"branch": {"attack": 9.630058928615684, "normal": 6.341156578880039}, "cycles": {"attack": 9.630058928615684, "normal": 6.341156578880039}, "instructions": {"attack": 9.630058928615684, "normal": 6.341156578880039}, "time_diff": {"attack": 10.174130054526174, "normal": 1.001665610461386}, "branch_cycles": {"attack": 9.630058928615684, "normal": 6.341156578880039}, "branch_instructions": {"attack": 9.630058928615684, "normal": 6.341156578880039}, "branch_time_diff": {"attack": 9.630058928615684, "normal": 1.001665610461386}, "cycles_instructions": {"attack": 9.630058928615684, "normal": 6.341156578880039}, "cycles_time_diff": {"attack": 9.630058928615684, "normal": 1.001665610461386}, "instructions_time_diff": {"attack": 9.630058928615684, "normal": 1.001665610461386}, "branch_cycles_instructions": {"attack": 9.630058928615684, "normal": 6.341156578880039}, "branch_cycles_time_diff": {"attack": 9.630058928615684, "normal": 1.001665610461386}, "branch_instructions_time_diff": {"attack": 9.630058928615684, "normal": 1.001665610461386}, "cycles_instructions_time_diff": {"attack": 9.630058928615684, "normal": 1.001665610461386}, "branch_cycles_instructions_time_diff": {"attack": 9.630058928615684, "normal": 1.001665610461386}}