{"branch": {"attack": 0.0, "normal": 0.0}, "cycles": {"attack": 0.0, "normal": 0.0}, "instructions": {"attack": 0.0, "normal": 0.0}, "time_diff": {"attack": 1.4060636798765342, "normal": 0.7611858280842343}, "branch_cycles": {"attack": 0.0, "normal": 0.0}, "branch_instructions": {"attack": 0.0, "normal": 0.0}, "branch_time_diff": {"attack": 1.1272240471584027, "normal": 1.6187242926348275}, "cycles_instructions": {"attack": 0.0, "normal": 0.0}, "cycles_time_diff": {"attack": 1.1272240471584027, "normal": 1.6187242926348275}, "instructions_time_diff": {"attack": 1.1272240471584027, "normal": 1.6187242926348275}, "branch_cycles_instructions": {"attack": 0.0, "normal": 0.0}, "branch_cycles_time_diff": {"attack": 0.8454180353688021, "normal": 2.047493524910124}, "branch_instructions_time_diff": {"attack": 0.8454180353688021, "normal": 2.047493524910124}, "cycles_instructions_time_diff": {"attack": 0.8454180353688021, "normal": 2.047493524910124}, "branch_cycles_instructions_time_diff": {"attack": 0.6763344282950416, "normal": 2.304755064275302}}