{"branch": {"attack": 8.40078553040157, "normal": 8.055080408587594}, "cycles": {"attack": 8.40078553040157, "normal": 8.055080408587594}, "instructions": {"attack": 8.40078553040157, "normal": 8.055080408587594}, "time_diff": {"attack": 8.68555792126264, "normal": 4.72127918685158}, "branch_cycles": {"attack": 8.40078553040157, "normal": 8.055080408587594}, "branch_instructions": {"attack": 8.40078553040157, "normal": 8.055080408587594}, "branch_time_diff": {"attack": 8.40078553040157, "normal": 4.72127918685158}, "cycles_instructions": {"attack": 8.40078553040157, "normal": 8.055080408587594}, "cycles_time_diff": {"attack": 8.40078553040157, "normal": 4.72127918685158}, "instructions_time_diff": {"attack": 8.40078553040157, "normal": 4.72127918685158}, "branch_cycles_instructions": {"attack": 8.40078553040157, "normal": 8.055080408587594}, "branch_cycles_time_diff": {"attack": 8.40078553040157, "normal": 4.72127918685158}, "branch_instructions_time_diff": {"attack": 8.40078553040157, "normal": 4.72127918685158}, "cycles_instructions_time_diff": {"attack": 8.40078553040157, "normal": 4.72127918685158}, "branch_cycles_instructions_time_diff": {"attack": 8.40078553040157, "normal": 4.72127918685158}}