{"branch": {"attack": 0.0, "normal": 0.0}, "cycles": {"attack": 0.0, "normal": 0.0}, "instructions": {"attack": 0.0, "normal": 0.0}, "time_diff": {"attack": 1.3334573100773284, "normal": 0.9210638431667109}, "branch_cycles": {"attack": 0.0, "normal": 0.0}, "branch_instructions": {"attack": 0.0, "normal": 0.0}, "branch_time_diff": {"attack": 1.1131469718906395, "normal": 1.6811025389266538}, "cycles_instructions": {"attack": 0.0, "normal": 0.0}, "cycles_time_diff": {"attack": 1.1131469718906395, "normal": 1.6811025389266538}, "instructions_time_diff": {"attack": 1.1131469718906395, "normal": 1.6811025389266538}, "branch_cycles_instructions": {"attack": 0.0, "normal": 0.0}, "branch_cycles_time_diff": {"attack": 0.9809607689786262, "normal": 2.1371257563826194}, "branch_instructions_time_diff": {"attack": 0.9809607689786262, "normal": 2.1371257563826194}, "cycles_instructions_time_diff": {"attack": 0.9809607689786262, "normal": 2.1371257563826194}, "branch_cycles_instructions_time_diff": {"attack": 0.8928366337039506, "normal": 2.441141234686597}}