{"branch": {"attack": 8.487745660666121, "normal": 8.077021393923463}, "cycles": {"attack": 8.487745660666121, "normal": 8.077021393923463}, "instructions": {"attack": 8.487745660666121, "normal": 8.077021393923463}, "time_diff": {"attack": 8.035529703335548, "normal": 4.11580276771698}, "branch_cycles": {"attack": 8.487745660666121, "normal": 8.077021393923463}, "branch_instructions": {"attack": 8.487745660666121, "normal": 8.077021393923463}, "branch_time_diff": {"attack": 8.035529703335548, "normal": 4.11580276771698}, "cycles_instructions": {"attack": 8.487745660666121, "normal": 8.077021393923463}, "cycles_time_diff": {"attack": 8.035529703335548, "normal": 4.11580276771698}, "instructions_time_diff": {"attack": 8.035529703335548, "normal": 4.11580276771698}, "branch_cycles_instructions": {"attack": 8.487745660666121, "normal": 8.077021393923463}, "branch_cycles_time_diff": {"attack": 8.035529703335548, "normal": 4.11580276771698}, "branch_instructions_time_diff": {"attack": 8.035529703335548, "normal": 4.11580276771698}, "cycles_instructions_time_diff": {"attack": 8.035529703335548, "normal": 4.11580276771698}, "branch_cycles_instructions_time_diff": {"attack": 8.035529703335548, "normal": 4.11580276771698}}