{"branch": {"attack": 0.0, "normal": 0.0}, "cycles": {"attack": 0.0, "normal": 0.0}, "instructions": {"attack": 0.0, "normal": 0.0}, "time_diff": {"attack": 1.379149102023317, "normal": 0.9131741618405412}, "branch_cycles": {"attack": 0.0, "normal": 0.0}, "branch_instructions": {"attack": 0.0, "normal": 0.0}, "branch_time_diff": {"attack": 1.2067554642704024, "normal": 1.6523343662674128}, "cycles_instructions": {"attack": 0.0, "normal": 0.0}, "cycles_time_diff": {"attack": 1.2067554642704024, "normal": 1.6523343662674128}, "instructions_time_diff": {"attack": 1.2067554642704024, "normal": 1.6523343662674128}, "branch_cycles_instructions": {"attack": 0.0, "normal": 0.0}, "branch_cycles_time_diff": {"attack": 1.1033192816186534, "normal": 2.0958304889235357}, "branch_instructions_time_diff": {"attack": 1.1033192816186534, "normal": 2.0958304889235357}, "cycles_instructions_time_diff": {"attack": 1.1033192816186534, "normal": 2.0958304889235357}, "branch_cycles_instructions_time_diff": {"attack": 1.0343618265174876, "normal": 2.391494570694284}}