{"branch": {"attack": 9.073349355416559, "normal": 7.950362457982334}, "cycles": {"attack": 9.073349355416559, "normal": 7.950362457982334}, "instructions": {"attack": 9.073349355416559, "normal": 7.950362457982334}, "time_diff": {"attack": 8.3837748044049, "normal": 4.0805474784343065}, "branch_cycles": {"attack": 9.073349355416559, "normal": 7.950362457982334}, "branch_instructions": {"attack": 9.073349355416559, "normal": 7.950362457982334}, "branch_time_diff": {"attack": 8.3837748044049, "normal": 4.0805474784343065}, "cycles_instructions": {"attack": 9.073349355416559, "normal": 7.950362457982334}, "cycles_time_diff": {"attack": 8.3837748044049, "normal": 4.0805474784343065}, "instructions_time_diff": {"attack": 8.3837748044049, "normal": 4.0805474784343065}, "branch_cycles_instructions": {"attack": 9.073349355416559, "normal": 7.950362457982334}, "branch_cycles_time_diff": {"attack": 8.3837748044049, "normal": 4.0805474784343065}, "branch_instructions_time_diff": {"attack": 8.3837748044049, "normal": 4.0805474784343065}, "cycles_instructions_time_diff": {"attack": 8.3837748044049, "normal": 4.0805474784343065}, "branch_cycles_instructions_time_diff": {"attack": 8.3837748044049, "normal": 4.0805474784343065}}