{"branch": {"attack": 0.46381123828776677, "normal": 0.5861315365606341}, "cycles": {"attack": 0.46381123828776677, "normal": 0.5861315365606341}, "instructions": {"attack": 0.46381123828776677, "normal": 0.5861315365606341}, "time_diff": {"attack": 1.3334573100773284, "normal": 0.9210638431667109}, "branch_cycles": {"attack": 0.46381123828776677, "normal": 0.5861315365606341}, "branch_instructions": {"attack": 0.46381123828776677, "normal": 0.5861315365606341}, "branch_time_diff": {"attack": 1.1943139385909982, "normal": 2.753530020655726}, "cycles_instructions": {"attack": 0.46381123828776677, "normal": 0.5861315365606341}, "cycles_time_diff": {"attack": 1.1943139385909982, "normal": 2.753530020655726}, "instructions_time_diff": {"attack": 1.1943139385909982, "normal": 2.753530020655726}, "branch_cycles_instructions": {"attack": 0.46381123828776677, "normal": 0.5861315365606341}, "branch_cycles_time_diff": {"attack": 1.1479328147622216, "normal": 3.3643520798187314}, "branch_instructions_time_diff": {"attack": 1.1479328147622216, "normal": 3.3643520798187314}, "cycles_instructions_time_diff": {"attack": 1.1479328147622216, "normal": 3.3643520798187314}, "branch_cycles_instructions_time_diff": {"attack": 1.1247422528478332, "normal": 3.669763109400234}}