{"branch": {"attack": 8.62688903215245, "normal": 8.115667429301087}, "cycles": {"attack": 8.62688903215245, "normal": 8.115667429301087}, "instructions": {"attack": 8.62688903215245, "normal": 8.115667429301087}, "time_diff": {"attack": 8.035529703335548, "normal": 4.11580276771698}, "branch_cycles": {"attack": 8.62688903215245, "normal": 8.115667429301087}, "branch_instructions": {"attack": 8.62688903215245, "normal": 8.115667429301087}, "branch_time_diff": {"attack": 8.035529703335548, "normal": 4.11580276771698}, "cycles_instructions": {"attack": 8.62688903215245, "normal": 8.115667429301087}, "cycles_time_diff": {"attack": 8.035529703335548, "normal": 4.11580276771698}, "instructions_time_diff": {"attack": 8.035529703335548, "normal": 4.11580276771698}, "branch_cycles_instructions": {"attack": 8.62688903215245, "normal": 8.115667429301087}, "branch_cycles_time_diff": {"attack": 8.035529703335548, "normal": 4.11580276771698}, "branch_instructions_time_diff": {"attack": 8.035529703335548, "normal": 4.11580276771698}, "cycles_instructions_time_diff": {"attack": 8.035529703335548, "normal": 4.11580276771698}, "branch_cycles_instructions_time_diff": {"attack": 8.035529703335548, "normal": 4.11580276771698}}