{"branch": {"attack": 0.05654667331227614, "normal": 0.16263928253752744}, "cycles": {"attack": 0.05654667331227614, "normal": 0.16263928253752744}, "instructions": {"attack": 0.05654667331227614, "normal": 0.16263928253752744}, "time_diff": {"attack": 0.12440268128700567, "normal": 0.11805795635972786}, "branch_cycles": {"attack": 0.05654667331227614, "normal": 0.16263928253752744}, "branch_instructions": {"attack": 0.05654667331227614, "normal": 0.16263928253752744}, "branch_time_diff": {"attack": 2.063518601487954, "normal": 4.293842175013598}, "cycles_instructions": {"attack": 0.05654667331227614, "normal": 0.16263928253752744}, "cycles_time_diff": {"attack": 2.063518601487954, "normal": 4.293842175013598}, "instructions_time_diff": {"attack": 2.063518601487954, "normal": 4.293842175013598}, "branch_cycles_instructions": {"attack": 0.05654667331227614, "normal": 0.16263928253752744}, "branch_cycles_time_diff": {"attack": 2.70989057488827, "normal": 5.685770247898222}, "branch_instructions_time_diff": {"attack": 2.70989057488827, "normal": 5.685770247898222}, "cycles_instructions_time_diff": {"attack": 2.70989057488827, "normal": 5.685770247898222}, "branch_cycles_instructions_time_diff": {"attack": 3.0330765615884285, "normal": 6.381734284340532}}