{"branch": {"attack": 9.71906821914984, "normal": 8.834532804233898}, "cycles": {"attack": 9.71906821914984, "normal": 8.834532804233898}, "instructions": {"attack": 9.71906821914984, "normal": 8.834532804233898}, "time_diff": {"attack": 5.7729803707732135, "normal": 0.5275456931039586}, "branch_cycles": {"attack": 9.71906821914984, "normal": 8.834532804233898}, "branch_instructions": {"attack": 9.71906821914984, "normal": 8.834532804233898}, "branch_time_diff": {"attack": 5.7729803707732135, "normal": 0.5275456931039586}, "cycles_instructions": {"attack": 9.71906821914984, "normal": 8.834532804233898}, "cycles_time_diff": {"attack": 5.7729803707732135, "normal": 0.5275456931039586}, "instructions_time_diff": {"attack": 5.7729803707732135, "normal": 0.5275456931039586}, "branch_cycles_instructions": {"attack": 9.71906821914984, "normal": 8.834532804233898}, "branch_cycles_time_diff": {"attack": 5.7729803707732135, "normal": 0.5275456931039586}, "branch_instructions_time_diff": {"attack": 5.7729803707732135, "normal": 0.5275456931039586}, "cycles_instructions_time_diff": {"attack": 5.7729803707732135, "normal": 0.5275456931039586}, "branch_cycles_instructions_time_diff": {"attack": 5.7729803707732135, "normal": 0.5275456931039586}}