{"branch": {"attack": 0.012261158577571152, "normal": 0.11239885623629142}, "cycles": {"attack": 0.012261158577571152, "normal": 0.11239885623629142}, "instructions": {"attack": 0.012261158577571152, "normal": 0.11239885623629142}, "time_diff": {"attack": 0.07847141489645271, "normal": 0.07052477254041817}, "branch_cycles": {"attack": 0.012261158577571152, "normal": 0.11239885623629142}, "branch_instructions": {"attack": 0.012261158577571152, "normal": 0.11239885623629142}, "branch_time_diff": {"attack": 0.5922139592966711, "normal": 3.974732102395129}, "cycles_instructions": {"attack": 0.012261158577571152, "normal": 0.11239885623629142}, "cycles_time_diff": {"attack": 0.5922139592966711, "normal": 3.974732102395129}, "instructions_time_diff": {"attack": 0.5922139592966711, "normal": 3.974732102395129}, "branch_cycles_instructions": {"attack": 0.012261158577571152, "normal": 0.11239885623629142}, "branch_cycles_time_diff": {"attack": 0.39889635905697113, "normal": 5.276134545680033}, "branch_instructions_time_diff": {"attack": 0.39889635905697113, "normal": 5.276134545680033}, "cycles_instructions_time_diff": {"attack": 0.39889635905697113, "normal": 5.276134545680033}, "branch_cycles_instructions_time_diff": {"attack": 0.3022375589371211, "normal": 5.926835767322485}}