{"branch": {"attack": 9.754977764315353, "normal": 8.705401610457866}, "cycles": {"attack": 9.754977764315353, "normal": 8.705401610457866}, "instructions": {"attack": 9.754977764315353, "normal": 8.705401610457866}, "time_diff": {"attack": 10.848673109434671, "normal": 0.9388610344443166}, "branch_cycles": {"attack": 9.754977764315353, "normal": 8.705401610457866}, "branch_instructions": {"attack": 9.754977764315353, "normal": 8.705401610457866}, "branch_time_diff": {"attack": 9.754977764315353, "normal": 0.9388610344443166}, "cycles_instructions": {"attack": 9.754977764315353, "normal": 8.705401610457866}, "cycles_time_diff": {"attack": 9.754977764315353, "normal": 0.9388610344443166}, "instructions_time_diff": {"attack": 9.754977764315353, "normal": 0.9388610344443166}, "branch_cycles_instructions": {"attack": 9.754977764315353, "normal": 8.705401610457866}, "branch_cycles_time_diff": {"attack": 9.754977764315353, "normal": 0.9388610344443166}, "branch_instructions_time_diff": {"attack": 9.754977764315353, "normal": 0.9388610344443166}, "cycles_instructions_time_diff": {"attack": 9.754977764315353, "normal": 0.9388610344443166}, "branch_cycles_instructions_time_diff": {"attack": 9.754977764315353, "normal": 0.9388610344443166}}