{"branch": {"attack": 0.7404408150058762, "normal": 0.5413107405259568}, "cycles": {"attack": 0.7404408150058762, "normal": 0.5413107405259568}, "instructions": {"attack": 0.7404408150058762, "normal": 0.5413107405259568}, "time_diff": {"attack": 1.8571712245229335, "normal": 0.9106757164142568}, "branch_cycles": {"attack": 0.7404408150058762, "normal": 0.5413107405259568}, "branch_instructions": {"attack": 0.7404408150058762, "normal": 0.5413107405259568}, "branch_time_diff": {"attack": 1.5172967520612202, "normal": 2.7606847766823814}, "cycles_instructions": {"attack": 0.7404408150058762, "normal": 0.5413107405259568}, "cycles_time_diff": {"attack": 1.5172967520612202, "normal": 2.7606847766823814}, "instructions_time_diff": {"attack": 1.5172967520612202, "normal": 2.7606847766823814}, "branch_cycles_instructions": {"attack": 0.7404408150058762, "normal": 0.5413107405259568}, "branch_cycles_time_diff": {"attack": 1.404005261240649, "normal": 3.3773544634384223}, "branch_instructions_time_diff": {"attack": 1.404005261240649, "normal": 3.3773544634384223}, "cycles_instructions_time_diff": {"attack": 1.404005261240649, "normal": 3.3773544634384223}, "branch_cycles_instructions_time_diff": {"attack": 1.3473595158303635, "normal": 3.685689306816443}}