{"branch": {"attack": 8.15698733908112, "normal": 8.138766192849097}, "cycles": {"attack": 8.15698733908112, "normal": 8.138766192849097}, "instructions": {"attack": 8.15698733908112, "normal": 8.138766192849097}, "time_diff": {"attack": 7.720005874487489, "normal": 4.0693830964245485}, "branch_cycles": {"attack": 8.15698733908112, "normal": 8.138766192849097}, "branch_instructions": {"attack": 8.15698733908112, "normal": 8.138766192849097}, "branch_time_diff": {"attack": 7.720005874487489, "normal": 4.0693830964245485}, "cycles_instructions": {"attack": 8.15698733908112, "normal": 8.138766192849097}, "cycles_time_diff": {"attack": 7.720005874487489, "normal": 4.0693830964245485}, "instructions_time_diff": {"attack": 7.720005874487489, "normal": 4.0693830964245485}, "branch_cycles_instructions": {"attack": 8.15698733908112, "normal": 8.138766192849097}, "branch_cycles_time_diff": {"attack": 7.720005874487489, "normal": 4.0693830964245485}, "branch_instructions_time_diff": {"attack": 7.720005874487489, "normal": 4.0693830964245485}, "cycles_instructions_time_diff": {"attack": 7.720005874487489, "normal": 4.0693830964245485}, "branch_cycles_instructions_time_diff": {"attack": 7.720005874487489, "normal": 4.0693830964245485}}