{"branch": {"attack": 0.4380453397906745, "normal": 0.6197959491661464}, "cycles": {"attack": 0.4380453397906745, "normal": 0.6197959491661464}, "instructions": {"attack": 0.4380453397906745, "normal": 0.6197959491661464}, "time_diff": {"attack": 1.325663528313885, "normal": 0.8863082073075889}, "branch_cycles": {"attack": 0.4380453397906745, "normal": 0.6197959491661464}, "branch_instructions": {"attack": 0.4380453397906745, "normal": 0.6197959491661464}, "branch_time_diff": {"attack": 1.0893495950057577, "normal": 2.789081771247657}, "cycles_instructions": {"attack": 0.4380453397906745, "normal": 0.6197959491661464}, "cycles_time_diff": {"attack": 1.0893495950057577, "normal": 2.789081771247657}, "instructions_time_diff": {"attack": 1.0893495950057577, "normal": 2.789081771247657}, "branch_cycles_instructions": {"attack": 0.4380453397906745, "normal": 0.6197959491661464}, "branch_cycles_time_diff": {"attack": 1.0105782839030484, "normal": 3.423339625894346}, "branch_instructions_time_diff": {"attack": 1.0105782839030484, "normal": 3.423339625894346}, "cycles_instructions_time_diff": {"attack": 1.0105782839030484, "normal": 3.423339625894346}, "branch_cycles_instructions_time_diff": {"attack": 0.971192628351694, "normal": 3.7404685532176907}}