{"branch": {"attack": 8.403554018615845, "normal": 8.032555501193253}, "cycles": {"attack": 8.403554018615845, "normal": 8.032555501193253}, "instructions": {"attack": 8.403554018615845, "normal": 8.032555501193253}, "time_diff": {"attack": 7.988563696708889, "normal": 3.9604961151716735}, "branch_cycles": {"attack": 8.403554018615845, "normal": 8.032555501193253}, "branch_instructions": {"attack": 8.403554018615845, "normal": 8.032555501193253}, "branch_time_diff": {"attack": 7.988563696708889, "normal": 3.9604961151716735}, "cycles_instructions": {"attack": 8.403554018615845, "normal": 8.032555501193253}, "cycles_time_diff": {"attack": 7.988563696708889, "normal": 3.9604961151716735}, "instructions_time_diff": {"attack": 7.988563696708889, "normal": 3.9604961151716735}, "branch_cycles_instructions": {"attack": 8.403554018615845, "normal": 8.032555501193253}, "branch_cycles_time_diff": {"attack": 7.988563696708889, "normal": 3.9604961151716735}, "branch_instructions_time_diff": {"attack": 7.988563696708889, "normal": 3.9604961151716735}, "cycles_instructions_time_diff": {"attack": 7.988563696708889, "normal": 3.9604961151716735}, "branch_cycles_instructions_time_diff": {"attack": 7.988563696708889, "normal": 3.9604961151716735}}