{"branch": {"attack": 0.0, "normal": 0.0}, "cycles": {"attack": 0.0, "normal": 0.0}, "instructions": {"attack": 0.0, "normal": 0.0}, "time_diff": {"attack": 0.12472577522854185, "normal": 0.11790245319098432}, "branch_cycles": {"attack": 0.0, "normal": 0.0}, "branch_instructions": {"attack": 0.0, "normal": 0.0}, "branch_time_diff": {"attack": 1.092440793522721, "normal": 1.480376606324562}, "cycles_instructions": {"attack": 0.0, "normal": 0.0}, "cycles_time_diff": {"attack": 1.092440793522721, "normal": 1.480376606324562}, "instructions_time_diff": {"attack": 1.092440793522721, "normal": 1.480376606324562}, "branch_cycles_instructions": {"attack": 0.0, "normal": 0.0}, "branch_cycles_time_diff": {"attack": 1.6730698044992285, "normal": 2.2978610982047085}, "branch_instructions_time_diff": {"attack": 1.6730698044992285, "normal": 2.2978610982047085}, "cycles_instructions_time_diff": {"attack": 1.6730698044992285, "normal": 2.2978610982047085}, "branch_cycles_instructions_time_diff": {"attack": 2.0601558118169, "normal": 2.8428507594581394}}