{"branch": {"attack": 9.783559585584324, "normal": 6.094649888026267}, "cycles": {"attack": 9.783559585584324, "normal": 6.094649888026267}, "instructions": {"attack": 9.783559585584324, "normal": 6.094649888026267}, "time_diff": {"attack": 5.787973737179066, "normal": 0.526850822300972}, "branch_cycles": {"attack": 9.783559585584324, "normal": 6.094649888026267}, "branch_instructions": {"attack": 9.783559585584324, "normal": 6.094649888026267}, "branch_time_diff": {"attack": 5.787973737179066, "normal": 0.526850822300972}, "cycles_instructions": {"attack": 9.783559585584324, "normal": 6.094649888026267}, "cycles_time_diff": {"attack": 5.787973737179066, "normal": 0.526850822300972}, "instructions_time_diff": {"attack": 5.787973737179066, "normal": 0.526850822300972}, "branch_cycles_instructions": {"attack": 9.783559585584324, "normal": 6.094649888026267}, "branch_cycles_time_diff": {"attack": 5.787973737179066, "normal": 0.526850822300972}, "branch_instructions_time_diff": {"attack": 5.787973737179066, "normal": 0.526850822300972}, "cycles_instructions_time_diff": {"attack": 5.787973737179066, "normal": 0.526850822300972}, "branch_cycles_instructions_time_diff": {"attack": 5.787973737179066, "normal": 0.526850822300972}}