{"branch": {"attack": 0.5488596507693865, "normal": 0.5893168336918683}, "cycles": {"attack": 0.5488596507693865, "normal": 0.5893168336918683}, "instructions": {"attack": 0.5488596507693865, "normal": 0.5893168336918683}, "time_diff": {"attack": 1.2806725184619008, "normal": 0.9160033393254045}, "branch_cycles": {"attack": 0.5488596507693865, "normal": 0.5893168336918683}, "branch_instructions": {"attack": 0.5488596507693865, "normal": 0.5893168336918683}, "branch_time_diff": {"attack": 0.9513567280002695, "normal": 2.635911707219608}, "cycles_instructions": {"attack": 0.5488596507693865, "normal": 0.5893168336918683}, "cycles_time_diff": {"attack": 0.9513567280002695, "normal": 2.635911707219608}, "instructions_time_diff": {"attack": 0.9513567280002695, "normal": 2.635911707219608}, "branch_cycles_instructions": {"attack": 0.5488596507693865, "normal": 0.5893168336918683}, "branch_cycles_time_diff": {"attack": 0.8171910355899752, "normal": 3.209214496517676}, "branch_instructions_time_diff": {"attack": 0.8171910355899752, "normal": 3.209214496517676}, "cycles_instructions_time_diff": {"attack": 0.8171910355899752, "normal": 3.209214496517676}, "branch_cycles_instructions_time_diff": {"attack": 0.7501081893848279, "normal": 3.49586589116671}}