{"branch": {"attack": 8.379257335079291, "normal": 7.859692988477422}, "cycles": {"attack": 8.379257335079291, "normal": 7.859692988477422}, "instructions": {"attack": 8.379257335079291, "normal": 7.859692988477422}, "time_diff": {"attack": 8.452438621848543, "normal": 4.0931897470554786}, "branch_cycles": {"attack": 8.379257335079291, "normal": 7.859692988477422}, "branch_instructions": {"attack": 8.379257335079291, "normal": 7.859692988477422}, "branch_time_diff": {"attack": 8.379257335079291, "normal": 4.0931897470554786}, "cycles_instructions": {"attack": 8.379257335079291, "normal": 7.859692988477422}, "cycles_time_diff": {"attack": 8.379257335079291, "normal": 4.0931897470554786}, "instructions_time_diff": {"attack": 8.379257335079291, "normal": 4.0931897470554786}, "branch_cycles_instructions": {"attack": 8.379257335079291, "normal": 7.859692988477422}, "branch_cycles_time_diff": {"attack": 8.379257335079291, "normal": 4.0931897470554786}, "branch_instructions_time_diff": {"attack": 8.379257335079291, "normal": 4.0931897470554786}, "cycles_instructions_time_diff": {"attack": 8.379257335079291, "normal": 4.0931897470554786}, "branch_cycles_instructions_time_diff": {"attack": 8.379257335079291, "normal": 4.0931897470554786}}