{"branch": {"attack": 0.0, "normal": 0.0}, "cycles": {"attack": 0.0, "normal": 0.0}, "instructions": {"attack": 0.0, "normal": 0.0}, "time_diff": {"attack": 0.07847141489645271, "normal": 0.07052477254041817}, "branch_cycles": {"attack": 0.0, "normal": 0.0}, "branch_instructions": {"attack": 0.0, "normal": 0.0}, "branch_time_diff": {"attack": 0.784714148964533, "normal": 1.849806013091384}, "cycles_instructions": {"attack": 0.0, "normal": 0.0}, "cycles_time_diff": {"attack": 0.784714148964533, "normal": 1.849806013091384}, "instructions_time_diff": {"attack": 0.784714148964533, "normal": 1.849806013091384}, "branch_cycles_instructions": {"attack": 0.0, "normal": 0.0}, "branch_cycles_time_diff": {"attack": 0.5885356117233997, "normal": 2.739446633366867}, "branch_instructions_time_diff": {"attack": 0.5885356117233997, "normal": 2.739446633366867}, "cycles_instructions_time_diff": {"attack": 0.5885356117233997, "normal": 2.739446633366867}, "branch_cycles_instructions_time_diff": {"attack": 0.4708284893787198, "normal": 3.273231005532157}}