{"branch": {"attack": 9.750073300884324, "normal": 6.347229528637633}, "cycles": {"attack": 9.750073300884324, "normal": 6.347229528637633}, "instructions": {"attack": 9.750073300884324, "normal": 6.347229528637633}, "time_diff": {"attack": 10.848673109434671, "normal": 0.9388610344443166}, "branch_cycles": {"attack": 9.750073300884324, "normal": 6.347229528637633}, "branch_instructions": {"attack": 9.750073300884324, "normal": 6.347229528637633}, "branch_time_diff": {"attack": 9.750073300884324, "normal": 0.9388610344443166}, "cycles_instructions": {"attack": 9.750073300884324, "normal": 6.347229528637633}, "cycles_time_diff": {"attack": 9.750073300884324, "normal": 0.9388610344443166}, "instructions_time_diff": {"attack": 9.750073300884324, "normal": 0.9388610344443166}, "branch_cycles_instructions": {"attack": 9.750073300884324, "normal": 6.347229528637633}, "branch_cycles_time_diff": {"attack": 9.750073300884324, "normal": 0.9388610344443166}, "branch_instructions_time_diff": {"attack": 9.750073300884324, "normal": 0.9388610344443166}, "cycles_instructions_time_diff": {"attack": 9.750073300884324, "normal": 0.9388610344443166}, "branch_cycles_instructions_time_diff": {"attack": 9.750073300884324, "normal": 0.9388610344443166}}