{"branch": {"attack": 0.0, "normal": 0.0}, "cycles": {"attack": 0.0, "normal": 0.0}, "instructions": {"attack": 0.0, "normal": 0.0}, "time_diff": {"attack": 0.07562346942233589, "normal": 0.06841867361977144}, "branch_cycles": {"attack": 0.0, "normal": 0.0}, "branch_instructions": {"attack": 0.0, "normal": 0.0}, "branch_time_diff": {"attack": 0.55142113120453, "normal": 1.843028020632592}, "cycles_instructions": {"attack": 0.0, "normal": 0.0}, "cycles_time_diff": {"attack": 0.55142113120453, "normal": 1.843028020632592}, "instructions_time_diff": {"attack": 0.55142113120453, "normal": 1.843028020632592}, "branch_cycles_instructions": {"attack": 0.0, "normal": 0.0}, "branch_cycles_time_diff": {"attack": 0.4135658484033975, "normal": 2.7303326941390025}, "branch_instructions_time_diff": {"attack": 0.4135658484033975, "normal": 2.7303326941390025}, "cycles_instructions_time_diff": {"attack": 0.4135658484033975, "normal": 2.7303326941390025}, "branch_cycles_instructions_time_diff": {"attack": 0.330852678722718, "normal": 3.262715498242848}}