{"branch": {"attack": 9.70343642025342, "normal": 6.303070307221439}, "cycles": {"attack": 9.70343642025342, "normal": 6.303070307221439}, "instructions": {"attack": 9.70343642025342, "normal": 6.303070307221439}, "time_diff": {"attack": 10.454944647637879, "normal": 0.9108235925632066}, "branch_cycles": {"attack": 9.70343642025342, "normal": 6.303070307221439}, "branch_instructions": {"attack": 9.70343642025342, "normal": 6.303070307221439}, "branch_time_diff": {"attack": 9.70343642025342, "normal": 0.9108235925632066}, "cycles_instructions": {"attack": 9.70343642025342, "normal": 6.303070307221439}, "cycles_time_diff": {"attack": 9.70343642025342, "normal": 0.9108235925632066}, "instructions_time_diff": {"attack": 9.70343642025342, "normal": 0.9108235925632066}, "branch_cycles_instructions": {"attack": 9.70343642025342, "normal": 6.303070307221439}, "branch_cycles_time_diff": {"attack": 9.70343642025342, "normal": 0.9108235925632066}, "branch_instructions_time_diff": {"attack": 9.70343642025342, "normal": 0.9108235925632066}, "cycles_instructions_time_diff": {"attack": 9.70343642025342, "normal": 0.9108235925632066}, "branch_cycles_instructions_time_diff": {"attack": 9.70343642025342, "normal": 0.9108235925632066}}