{"branch": {"attack": 0.3992273716383288, "normal": 0.6002683301609153}, "cycles": {"attack": 0.3992273716383288, "normal": 0.6002683301609153}, "instructions": {"attack": 0.3992273716383288, "normal": 0.6002683301609153}, "time_diff": {"attack": 1.379149102023317, "normal": 0.9131741618405412}, "branch_cycles": {"attack": 0.3992273716383288, "normal": 0.6002683301609153}, "branch_instructions": {"attack": 0.3992273716383288, "normal": 0.6002683301609153}, "branch_time_diff": {"attack": 1.0162151278066547, "normal": 2.6437349860278605}, "cycles_instructions": {"attack": 0.3992273716383288, "normal": 0.6002683301609153}, "cycles_time_diff": {"attack": 1.0162151278066547, "normal": 2.6437349860278605}, "instructions_time_diff": {"attack": 1.0162151278066547, "normal": 2.6437349860278605}, "branch_cycles_instructions": {"attack": 0.3992273716383288, "normal": 0.6002683301609153}, "branch_cycles_time_diff": {"attack": 0.8952371364011005, "normal": 3.2205885940903003}, "branch_instructions_time_diff": {"attack": 0.8952371364011005, "normal": 3.2205885940903003}, "cycles_instructions_time_diff": {"attack": 0.8952371364011005, "normal": 3.2205885940903003}, "branch_cycles_instructions_time_diff": {"attack": 0.8347481406983234, "normal": 3.509015398121521}}