{"branch": {"attack": 8.637828586356564, "normal": 7.854574958488572}, "cycles": {"attack": 8.637828586356564, "normal": 7.854574958488572}, "instructions": {"attack": 8.637828586356564, "normal": 7.854574958488572}, "time_diff": {"attack": 8.3837748044049, "normal": 4.0805474784343065}, "branch_cycles": {"attack": 8.637828586356564, "normal": 7.854574958488572}, "branch_instructions": {"attack": 8.637828586356564, "normal": 7.854574958488572}, "branch_time_diff": {"attack": 8.3837748044049, "normal": 4.0805474784343065}, "cycles_instructions": {"attack": 8.637828586356564, "normal": 7.854574958488572}, "cycles_time_diff": {"attack": 8.3837748044049, "normal": 4.0805474784343065}, "instructions_time_diff": {"attack": 8.3837748044049, "normal": 4.0805474784343065}, "branch_cycles_instructions": {"attack": 8.637828586356564, "normal": 7.854574958488572}, "branch_cycles_time_diff": {"attack": 8.3837748044049, "normal": 4.0805474784343065}, "branch_instructions_time_diff": {"attack": 8.3837748044049, "normal": 4.0805474784343065}, "cycles_instructions_time_diff": {"attack": 8.3837748044049, "normal": 4.0805474784343065}, "branch_cycles_instructions_time_diff": {"attack": 8.3837748044049, "normal": 4.0805474784343065}}