{"branch": {"attack": {"kfree": {"min_sample_count": 8, "average_sampling_res_diff": 0.11527508941859867, "average_sampling_resolution": 0.39193530402323556}, "psi_group_change": {"min_sample_count": 7, "average_sampling_res_diff": 0.12680259836045857, "average_sampling_resolution": 0.3688802861395158}, "perf_event_groups_insert": {"min_sample_count": 1, "average_sampling_res_diff": 0.27666021460463686, "average_sampling_resolution": 0.31124274143021646}, "memcg_slab_free_hook": {"min_sample_count": 4, "average_sampling_res_diff": 0.10374758047673882, "average_sampling_resolution": 0.24207768777905725}, "_raw_spin_lock_irqsave": {"min_sample_count": 3, "average_sampling_res_diff": 0.12680259836045857, "average_sampling_resolution": 0.2305501788371974}, "rb_next": {"min_sample_count": 2, "average_sampling_res_diff": 0.1383301073023184, "average_sampling_resolution": 0.20749516095347764}, "hsw_hw_config": {"min_sample_count": 4, "average_sampling_res_diff": 0.05763754470929933, "average_sampling_resolution": 0.19596765201161778}, "memset_erms": {"min_sample_count": 1, "average_sampling_res_diff": 0.16138512518603812, "average_sampling_resolution": 0.19596765201161773}, "update_sg_wakeup_stats": {"min_sample_count": 2, "average_sampling_res_diff": 0.09222007153487895, "average_sampling_resolution": 0.16138512518603818}, "__srcu_read_lock": {"min_sample_count": 1, "average_sampling_res_diff": 0.12680259836045854, "average_sampling_resolution": 0.16138512518603815}, "merge_sched_in": {"min_sample_count": 2, "average_sampling_res_diff": 0.08069256259301909, "average_sampling_resolution": 0.1498576162441783}, "slab_free_freelist_hook.constprop": {"min_sample_count": 2, "average_sampling_res_diff": 0.08069256259301909, "average_sampling_resolution": 0.1498576162441783}, "__mutex_init": {"min_sample_count": 3, "average_sampling_res_diff": 0.03458252682557961, "average_sampling_resolution": 0.13833010730231843}, "perf_event_alloc": {"min_sample_count": 1, "average_sampling_res_diff": 0.08069256259301907, "average_sampling_resolution": 0.1152750894185987}, "__update_load_avg_se": {"min_sample_count": 1, "average_sampling_res_diff": 0.04611003576743947, "average_sampling_resolution": 0.08069256259301909}}, "normal": {"psi_group_change": {"min_sample_count": 28, "average_sampling_res_diff": 0.030989797458307322, "average_sampling_resolution": 0.55161839475787}, "merge_sched_in": {"min_sample_count": 21, "average_sampling_res_diff": 0.06197959491661459, "average_sampling_resolution": 0.4524510428912866}, "event_sched_in": {"min_sample_count": 12, "average_sampling_res_diff": 0.14875102779987506, "average_sampling_resolution": 0.37187756949968764}, "perf_event_groups_insert": {"min_sample_count": 5, "average_sampling_res_diff": 0.2355224606831355, "average_sampling_resolution": 0.3284918530580574}, "memset_erms": {"min_sample_count": 4, "average_sampling_res_diff": 0.21692858220815112, "average_sampling_resolution": 0.29130409610808866}, "inherit_event.constprop.0": {"min_sample_count": 10, "average_sampling_res_diff": 0.08677143288326046, "average_sampling_resolution": 0.27271021763310427}, "kfree": {"min_sample_count": 9, "average_sampling_res_diff": 0.10536531135824484, "average_sampling_resolution": 0.27271021763310427}, "rb_insert_color": {"min_sample_count": 7, "average_sampling_res_diff": 0.13635510881655213, "average_sampling_resolution": 0.2665122581414428}, "native_sched_clock": {"min_sample_count": 2, "average_sampling_res_diff": 0.21073062271648965, "average_sampling_resolution": 0.24791837966645844}, "prepare_task_switch": {"min_sample_count": 4, "average_sampling_res_diff": 0.161146946783198, "average_sampling_resolution": 0.2355224606831355}, "memcg_slab_free_hook": {"min_sample_count": 5, "average_sampling_res_diff": 0.09916735186658336, "average_sampling_resolution": 0.1921367442415053}, "__update_load_avg_cfs_rq": {"min_sample_count": 5, "average_sampling_res_diff": 0.09916735186658336, "average_sampling_resolution": 0.19213674424150526}, "intel_cpuc_prepare": {"min_sample_count": 2, "average_sampling_res_diff": 0.1425530683082136, "average_sampling_resolution": 0.17974082525818236}, "perf_event_groups_first": {"min_sample_count": 5, "average_sampling_res_diff": 0.07437551389993753, "average_sampling_resolution": 0.16734490627485946}, "perf_event_update_time": {"min_sample_count": 2, "average_sampling_res_diff": 0.05578163542495315, "average_sampling_resolution": 0.09296939237492191}, "x86_pmu_enable": {"min_sample_count": 1, "average_sampling_res_diff": 0.024791837966645844, "average_sampling_resolution": 0.04338571644163022}}}, "cycles": {"attack": {"memset_erms": {"min_sample_count": 3, "average_sampling_res_diff": 0.05763754470929933, "average_sampling_resolution": 0.16138512518603812}, "native_write_msr": {"min_sample_count": 1, "average_sampling_res_diff": 0.04611003576743947, "average_sampling_resolution": 0.08069256259301907}}, "normal": {"perf_event_alloc": {"min_sample_count": 24, "average_sampling_res_diff": 0.18593878474984385, "average_sampling_resolution": 0.632191868149469}, "syscall_exit_to_user_mode": {"min_sample_count": 19, "average_sampling_res_diff": 0.20453266322482822, "average_sampling_resolution": 0.5578163542495315}, "memset_erms": {"min_sample_count": 24, "average_sampling_res_diff": 0.09916735186658339, "average_sampling_resolution": 0.5454204352662085}, "psi_group_change": {"min_sample_count": 15, "average_sampling_res_diff": 0.22932450119147404, "average_sampling_resolution": 0.5082326783162397}, "merge_sched_in": {"min_sample_count": 18, "average_sampling_res_diff": 0.15494898729153653, "average_sampling_resolution": 0.4896387998412554}, "rb_next": {"min_sample_count": 16, "average_sampling_res_diff": 0.1549489872915365, "average_sampling_resolution": 0.4524510428912866}, "perf_event_update_userpage": {"min_sample_count": 16, "average_sampling_res_diff": 0.14255306830821357, "average_sampling_resolution": 0.4400551239079637}, "inherit_task_group.isra.0": {"min_sample_count": 11, "average_sampling_res_diff": 0.19213674424150526, "average_sampling_resolution": 0.3966694074663335}, "event_sched_in": {"min_sample_count": 3, "average_sampling_res_diff": 0.2355224606831355, "average_sampling_resolution": 0.29130409610808866}, "kmem_cache_alloc_node_trace": {"min_sample_count": 3, "average_sampling_res_diff": 0.18593878474984382, "average_sampling_resolution": 0.24172042017479697}, "ctx_sched_in": {"min_sample_count": 2, "average_sampling_res_diff": 0.14875102779987506, "average_sampling_resolution": 0.18593878474984382}, "perf_swevent_add": {"min_sample_count": 1, "average_sampling_res_diff": 0.16114694678319796, "average_sampling_resolution": 0.17974082525818236}, "entry_SYSCALL_64_after_hwframe": {"min_sample_count": 1, "average_sampling_res_diff": 0.1425530683082136, "average_sampling_resolution": 0.161146946783198}, "visit_groups_merge.constprop.0.is": {"min_sample_count": 6, "average_sampling_res_diff": 0.04338571644163023, "average_sampling_resolution": 0.15494898729153653}, "kmem_cache_alloc_trace": {"min_sample_count": 2, "average_sampling_res_diff": 0.11156327084990629, "average_sampling_resolution": 0.14875102779987506}, "clear_page_erms": {"min_sample_count": 1, "average_sampling_res_diff": 0.09916735186658338, "average_sampling_resolution": 0.11776123034156777}, "mutex_lock": {"min_sample_count": 1, "average_sampling_res_diff": 0.07437551389993753, "average_sampling_resolution": 0.09296939237492191}, "native_write_msr": {"min_sample_count": 3, "average_sampling_res_diff": 0.024791837966645844, "average_sampling_resolution": 0.08057347339159898}, "slab_free_freelist_hook.constprop": {"min_sample_count": 2, "average_sampling_res_diff": 0.037187756949968766, "average_sampling_resolution": 0.07437551389993753}, "update_load_avg": {"min_sample_count": 1, "average_sampling_res_diff": 0.055781635424953145, "average_sampling_resolution": 0.07437551389993753}, "dequeue_task_fair": {"min_sample_count": 2,