{"branch": {"attack": 0.07357924283351913, "normal": 0.14393042410235304}, "cycles": {"attack": 0.07357924283351913, "normal": 0.14393042410235304}, "instructions": {"attack": 0.07357924283351913, "normal": 0.14393042410235304}, "time_diff": {"attack": 0.1315228965649148, "normal": 0.1239882569074486}, "branch_cycles": {"attack": 0.07357924283351913, "normal": 0.14393042410235304}, "branch_instructions": {"attack": 0.07357924283351913, "normal": 0.14393042410235304}, "branch_time_diff": {"attack": 1.911220832600656, "normal": 4.272392558821351}, "cycles_instructions": {"attack": 0.07357924283351913, "normal": 0.14393042410235304}, "cycles_time_diff": {"attack": 1.911220832600656, "normal": 4.272392558821351}, "instructions_time_diff": {"attack": 1.911220832600656, "normal": 4.272392558821351}, "branch_cycles_instructions": {"attack": 0.07357924283351913, "normal": 0.14393042410235304}, "branch_cycles_time_diff": {"attack": 2.504453477945903, "normal": 5.655193992792651}, "branch_instructions_time_diff": {"attack": 2.504453477945903, "normal": 5.655193992792651}, "cycles_instructions_time_diff": {"attack": 2.504453477945903, "normal": 5.655193992792651}, "branch_cycles_instructions_time_diff": {"attack": 2.801069800618526, "normal": 6.346594709778302}}