{"branch": {"attack": 9.720737718843282, "normal": 8.830911864352199}, "cycles": {"attack": 9.720737718843282, "normal": 8.830911864352199}, "instructions": {"attack": 9.720737718843282, "normal": 8.830911864352199}, "time_diff": {"attack": 6.1033981930404035, "normal": 0.5540454277192985}, "branch_cycles": {"attack": 9.720737718843282, "normal": 8.830911864352199}, "branch_instructions": {"attack": 9.720737718843282, "normal": 8.830911864352199}, "branch_time_diff": {"attack": 6.1033981930404035, "normal": 0.5540454277192985}, "cycles_instructions": {"attack": 9.720737718843282, "normal": 8.830911864352199}, "cycles_time_diff": {"attack": 6.1033981930404035, "normal": 0.5540454277192985}, "instructions_time_diff": {"attack": 6.1033981930404035, "normal": 0.5540454277192985}, "branch_cycles_instructions": {"attack": 9.720737718843282, "normal": 8.830911864352199}, "branch_cycles_time_diff": {"attack": 6.1033981930404035, "normal": 0.5540454277192985}, "branch_instructions_time_diff": {"attack": 6.1033981930404035, "normal": 0.5540454277192985}, "cycles_instructions_time_diff": {"attack": 6.1033981930404035, "normal": 0.5540454277192985}, "branch_cycles_instructions_time_diff": {"attack": 6.1033981930404035, "normal": 0.5540454277192985}}