{"branch": {"attack": 0.0, "normal": 0.0}, "cycles": {"attack": 0.0, "normal": 0.0}, "instructions": {"attack": 0.0, "normal": 0.0}, "time_diff": {"attack": 1.3408685481850728, "normal": 0.9188262617765579}, "branch_cycles": {"attack": 0.0, "normal": 0.0}, "branch_instructions": {"attack": 0.0, "normal": 0.0}, "branch_time_diff": {"attack": 1.1018441548129512, "normal": 1.6432854297157669}, "cycles_instructions": {"attack": 0.0, "normal": 0.0}, "cycles_time_diff": {"attack": 1.1018441548129512, "normal": 1.6432854297157669}, "instructions_time_diff": {"attack": 1.1018441548129512, "normal": 1.6432854297157669}, "branch_cycles_instructions": {"attack": 0.0, "normal": 0.0}, "branch_cycles_time_diff": {"attack": 0.9584295187896782, "normal": 2.077960930479292}, "branch_instructions_time_diff": {"attack": 0.9584295187896782, "normal": 2.077960930479292}, "cycles_instructions_time_diff": {"attack": 0.9584295187896782, "normal": 2.077960930479292}, "branch_cycles_instructions_time_diff": {"attack": 0.8628197614408295, "normal": 2.367744597654976}}