{"branch": {"attack": 8.464961443324897, "normal": 7.922466998395074}, "cycles": {"attack": 8.464961443324897, "normal": 7.922466998395074}, "instructions": {"attack": 8.464961443324897, "normal": 7.922466998395074}, "time_diff": {"attack": 8.080190468628311, "normal": 4.1058040648616805}, "branch_cycles": {"attack": 8.464961443324897, "normal": 7.922466998395074}, "branch_instructions": {"attack": 8.464961443324897, "normal": 7.922466998395074}, "branch_time_diff": {"attack": 8.080190468628311, "normal": 4.1058040648616805}, "cycles_instructions": {"attack": 8.464961443324897, "normal": 7.922466998395074}, "cycles_time_diff": {"attack": 8.080190468628311, "normal": 4.1058040648616805}, "instructions_time_diff": {"attack": 8.080190468628311, "normal": 4.1058040648616805}, "branch_cycles_instructions": {"attack": 8.464961443324897, "normal": 7.922466998395074}, "branch_cycles_time_diff": {"attack": 8.080190468628311, "normal": 4.1058040648616805}, "branch_instructions_time_diff": {"attack": 8.080190468628311, "normal": 4.1058040648616805}, "cycles_instructions_time_diff": {"attack": 8.080190468628311, "normal": 4.1058040648616805}, "branch_cycles_instructions_time_diff": {"attack": 8.080190468628311, "normal": 4.1058040648616805}}