{"branch": {"attack": 0.0, "normal": 0.0}, "cycles": {"attack": 0.0, "normal": 0.0}, "instructions": {"attack": 0.0, "normal": 0.0}, "time_diff": {"attack": 1.3110768125816492, "normal": 0.8958285237364866}, "branch_cycles": {"attack": 0.0, "normal": 0.0}, "branch_instructions": {"attack": 0.0, "normal": 0.0}, "branch_time_diff": {"attack": 20.076576234402477, "normal": 1.6491388732421686}, "cycles_instructions": {"attack": 0.0, "normal": 0.0}, "cycles_time_diff": {"attack": 20.076576234402477, "normal": 1.6491388732421686}, "instructions_time_diff": {"attack": 20.076576234402477, "normal": 1.6491388732421686}, "branch_cycles_instructions": {"attack": 0.0, "normal": 0.0}, "branch_cycles_time_diff": {"attack": 31.33587588749497, "normal": 2.1011250829455776}, "branch_instructions_time_diff": {"attack": 31.33587588749497, "normal": 2.1011250829455776}, "cycles_instructions_time_diff": {"attack": 31.33587588749497, "normal": 2.1011250829455776}, "branch_cycles_instructions_time_diff": {"attack": 38.8420756562233, "normal": 2.4024492227478507}}