{"branch": {"attack": 84.27373737916133, "normal": 7.912107870483794}, "cycles": {"attack": 84.27373737916133, "normal": 7.912107870483794}, "instructions": {"attack": 84.27373737916133, "normal": 7.912107870483794}, "time_diff": {"attack": 7.900662879296374, "normal": 4.00303794872458}, "branch_cycles": {"attack": 84.27373737916133, "normal": 7.912107870483794}, "branch_instructions": {"attack": 84.27373737916133, "normal": 7.912107870483794}, "branch_time_diff": {"attack": 7.900662879296374, "normal": 4.00303794872458}, "cycles_instructions": {"attack": 84.27373737916133, "normal": 7.912107870483794}, "cycles_time_diff": {"attack": 7.900662879296374, "normal": 4.00303794872458}, "instructions_time_diff": {"attack": 7.900662879296374, "normal": 4.00303794872458}, "branch_cycles_instructions": {"attack": 84.27373737916133, "normal": 7.912107870483794}, "branch_cycles_time_diff": {"attack": 7.900662879296374, "normal": 4.00303794872458}, "branch_instructions_time_diff": {"attack": 7.900662879296374, "normal": 4.00303794872458}, "cycles_instructions_time_diff": {"attack": 7.900662879296374, "normal": 4.00303794872458}, "branch_cycles_instructions_time_diff": {"attack": 7.900662879296374, "normal": 4.00303794872458}}