{"branch": {"attack": 0.6051413305797748, "normal": 0.33723422763225575}, "cycles": {"attack": 0.6051413305797748, "normal": 0.33723422763225575}, "instructions": {"attack": 0.6051413305797748, "normal": 0.33723422763225575}, "time_diff": {"attack": 1.4060636798765342, "normal": 0.7611858280842343}, "branch_cycles": {"attack": 0.6051413305797748, "normal": 0.33723422763225575}, "branch_instructions": {"attack": 0.6051413305797748, "normal": 0.33723422763225575}, "branch_time_diff": {"attack": 1.0767956029434225, "normal": 2.514803811771964}, "cycles_instructions": {"attack": 0.6051413305797748, "normal": 0.33723422763225575}, "cycles_time_diff": {"attack": 1.0767956029434225, "normal": 2.514803811771964}, "instructions_time_diff": {"attack": 1.0767956029434225, "normal": 2.514803811771964}, "branch_cycles_instructions": {"attack": 0.6051413305797748, "normal": 0.33723422763225575}, "branch_cycles_time_diff": {"attack": 0.91957751215554, "normal": 3.0993431396678743}, "branch_instructions_time_diff": {"attack": 0.91957751215554, "normal": 3.0993431396678743}, "cycles_instructions_time_diff": {"attack": 0.91957751215554, "normal": 3.0993431396678743}, "branch_cycles_instructions_time_diff": {"attack": 0.8409684667615986, "normal": 3.391612803615829}}