{"branch": {"attack": 8.543171725832105, "normal": 8.652466754679018}, "cycles": {"attack": 8.543171725832105, "normal": 8.652466754679018}, "instructions": {"attack": 8.543171725832105, "normal": 8.652466754679018}, "time_diff": {"attack": 8.68555792126264, "normal": 4.72127918685158}, "branch_cycles": {"attack": 8.543171725832105, "normal": 8.652466754679018}, "branch_instructions": {"attack": 8.543171725832105, "normal": 8.652466754679018}, "branch_time_diff": {"attack": 8.543171725832105, "normal": 4.72127918685158}, "cycles_instructions": {"attack": 8.543171725832105, "normal": 8.652466754679018}, "cycles_time_diff": {"attack": 8.543171725832105, "normal": 4.72127918685158}, "instructions_time_diff": {"attack": 8.543171725832105, "normal": 4.72127918685158}, "branch_cycles_instructions": {"attack": 8.543171725832105, "normal": 8.652466754679018}, "branch_cycles_time_diff": {"attack": 8.543171725832105, "normal": 4.72127918685158}, "branch_instructions_time_diff": {"attack": 8.543171725832105, "normal": 4.72127918685158}, "cycles_instructions_time_diff": {"attack": 8.543171725832105, "normal": 4.72127918685158}, "branch_cycles_instructions_time_diff": {"attack": 8.543171725832105, "normal": 4.72127918685158}}