{"branch": {"attack": 0.0, "normal": 0.0}, "cycles": {"attack": 0.0, "normal": 0.0}, "instructions": {"attack": 0.0, "normal": 0.0}, "time_diff": {"attack": 1.8571712245229335, "normal": 0.9106757164142568}, "branch_cycles": {"attack": 0.0, "normal": 0.0}, "branch_instructions": {"attack": 0.0, "normal": 0.0}, "branch_time_diff": {"attack": 1.52943512607771, "normal": 0.7498745846697814}, "cycles_instructions": {"attack": 0.0, "normal": 0.0}, "cycles_time_diff": {"attack": 1.52943512607771, "normal": 0.7498745846697814}, "instructions_time_diff": {"attack": 1.52943512607771, "normal": 0.7498745846697814}, "branch_cycles_instructions": {"attack": 0.0, "normal": 0.0}, "branch_cycles_time_diff": {"attack": 1.3327934670105759, "normal": 0.6533939056230962}, "branch_instructions_time_diff": {"attack": 1.3327934670105759, "normal": 0.6533939056230962}, "cycles_instructions_time_diff": {"attack": 1.3327934670105759, "normal": 0.6533939056230962}, "branch_cycles_instructions_time_diff": {"attack": 1.2016990276324864, "normal": 0.589073452925306}}