{"branch": {"attack": 8.266232705229529, "normal": 4.336854285860904}, "cycles": {"attack": 8.266232705229529, "normal": 4.336854285860904}, "instructions": {"attack": 8.266232705229529, "normal": 4.336854285860904}, "time_diff": {"attack": 7.720005874487489, "normal": 4.0693830964245485}, "branch_cycles": {"attack": 8.266232705229529, "normal": 4.336854285860904}, "branch_instructions": {"attack": 8.266232705229529, "normal": 4.336854285860904}, "branch_time_diff": {"attack": 7.720005874487489, "normal": 4.0693830964245485}, "cycles_instructions": {"attack": 8.266232705229529, "normal": 4.336854285860904}, "cycles_time_diff": {"attack": 7.720005874487489, "normal": 4.0693830964245485}, "instructions_time_diff": {"attack": 7.720005874487489, "normal": 4.0693830964245485}, "branch_cycles_instructions": {"attack": 8.266232705229529, "normal": 4.336854285860904}, "branch_cycles_time_diff": {"attack": 7.720005874487489, "normal": 4.0693830964245485}, "branch_instructions_time_diff": {"attack": 7.720005874487489, "normal": 4.0693830964245485}, "cycles_instructions_time_diff": {"attack": 7.720005874487489, "normal": 4.0693830964245485}, "branch_cycles_instructions_time_diff": {"attack": 7.720005874487489, "normal": 4.0693830964245485}}