{"branch": {"attack": 0.0, "normal": 0.0}, "cycles": {"attack": 0.0, "normal": 0.0}, "instructions": {"attack": 0.0, "normal": 0.0}, "time_diff": {"attack": 0.0, "normal": 0.0}, "branch_cycles": {"attack": 0.0, "normal": 0.0}, "branch_instructions": {"attack": 0.0, "normal": 0.0}, "branch_time_diff": {"attack": 2.977086694926776, "normal": 2.8225554733724274}, "cycles_instructions": {"attack": 0.0, "normal": 0.0}, "cycles_time_diff": {"attack": 2.977086694926776, "normal": 2.8225554733724274}, "instructions_time_diff": {"attack": 2.977086694926776, "normal": 2.8225554733724274}, "branch_cycles_instructions": {"attack": 0.0, "normal": 0.0}, "branch_cycles_time_diff": {"attack": 1.9847244632845173, "normal": 3.7634072978299034}, "branch_instructions_time_diff": {"attack": 1.9847244632845173, "normal": 3.7634072978299034}, "cycles_instructions_time_diff": {"attack": 1.9847244632845173, "normal": 3.7634072978299034}, "branch_cycles_instructions_time_diff": {"attack": 1.488543347463388, "normal": 4.233833210058641}}