{"branch": {"attack": 5.9434160756894086, "normal": 6.6632384926014625}, "cycles": {"attack": 5.9434160756894086, "normal": 6.6632384926014625}, "instructions": {"attack": 5.9434160756894086, "normal": 6.6632384926014625}, "time_diff": {"attack": 11.89758946554296, "normal": 1.018127545856608}, "branch_cycles": {"attack": 5.9434160756894086, "normal": 6.6632384926014625}, "branch_instructions": {"attack": 5.9434160756894086, "normal": 6.6632384926014625}, "branch_time_diff": {"attack": 5.9434160756894086, "normal": 1.018127545856608}, "cycles_instructions": {"attack": 5.9434160756894086, "normal": 6.6632384926014625}, "cycles_time_diff": {"attack": 5.9434160756894086, "normal": 1.018127545856608}, "instructions_time_diff": {"attack": 5.9434160756894086, "normal": 1.018127545856608}, "branch_cycles_instructions": {"attack": 5.9434160756894086, "normal": 6.6632384926014625}, "branch_cycles_time_diff": {"attack": 5.9434160756894086, "normal": 1.018127545856608}, "branch_instructions_time_diff": {"attack": 5.9434160756894086, "normal": 1.018127545856608}, "cycles_instructions_time_diff": {"attack": 5.9434160756894086, "normal": 1.018127545856608}, "branch_cycles_instructions_time_diff": {"attack": 5.9434160756894086, "normal": 1.018127545856608}}