{"branch": {"attack": 0.45472933373232927, "normal": 0.6425358473961946}, "cycles": {"attack": 0.45472933373232927, "normal": 0.6425358473961946}, "instructions": {"attack": 0.45472933373232927, "normal": 0.6425358473961946}, "time_diff": {"attack": 1.3408685481850728, "normal": 0.9188262617765579}, "branch_cycles": {"attack": 0.45472933373232927, "normal": 0.6425358473961946}, "branch_instructions": {"attack": 0.45472933373232927, "normal": 0.6425358473961946}, "branch_time_diff": {"attack": 1.142653197583801, "normal": 2.669736445931187}, "cycles_instructions": {"attack": 0.45472933373232927, "normal": 0.6425358473961946}, "cycles_time_diff": {"attack": 1.142653197583801, "normal": 2.669736445931187}, "instructions_time_diff": {"attack": 1.142653197583801, "normal": 2.669736445931187}, "branch_cycles_instructions": {"attack": 0.45472933373232927, "normal": 0.6425358473961946}, "branch_cycles_time_diff": {"attack": 1.0765814140500438, "normal": 3.25337317398273}, "branch_instructions_time_diff": {"attack": 1.0765814140500438, "normal": 3.25337317398273}, "cycles_instructions_time_diff": {"attack": 1.0765814140500438, "normal": 3.25337317398273}, "branch_cycles_instructions_time_diff": {"attack": 1.043545522283165, "normal": 3.5451915380085013}}