{"branch": {"attack": 8.569898981878511, "normal": 7.883914847551302}, "cycles": {"attack": 8.569898981878511, "normal": 7.883914847551302}, "instructions": {"attack": 8.569898981878511, "normal": 7.883914847551302}, "time_diff": {"attack": 8.080190468628311, "normal": 4.1058040648616805}, "branch_cycles": {"attack": 8.569898981878511, "normal": 7.883914847551302}, "branch_instructions": {"attack": 8.569898981878511, "normal": 7.883914847551302}, "branch_time_diff": {"attack": 8.080190468628311, "normal": 4.1058040648616805}, "cycles_instructions": {"attack": 8.569898981878511, "normal": 7.883914847551302}, "cycles_time_diff": {"attack": 8.080190468628311, "normal": 4.1058040648616805}, "instructions_time_diff": {"attack": 8.080190468628311, "normal": 4.1058040648616805}, "branch_cycles_instructions": {"attack": 8.569898981878511, "normal": 7.883914847551302}, "branch_cycles_time_diff": {"attack": 8.080190468628311, "normal": 4.1058040648616805}, "branch_instructions_time_diff": {"attack": 8.080190468628311, "normal": 4.1058040648616805}, "cycles_instructions_time_diff": {"attack": 8.080190468628311, "normal": 4.1058040648616805}, "branch_cycles_instructions_time_diff": {"attack": 8.080190468628311, "normal": 4.1058040648616805}}