{"branch": {"attack": {}, "normal": {"psi_group_change": {"min_sample_count": 19, "average_sampling_res_diff": 0.13373559471817761, "average_sampling_resolution": 0.49673220895323117}, "merge_sched_in": {"min_sample_count": 18, "average_sampling_res_diff": 0.13373559471817764, "average_sampling_resolution": 0.47762712399349155}, "rb_next": {"min_sample_count": 17, "average_sampling_res_diff": 0.12099887141168454, "average_sampling_resolution": 0.4457853157272587}, "perf_event_groups_insert": {"min_sample_count": 5, "average_sampling_res_diff": 0.27383955108960184, "average_sampling_resolution": 0.36936497588830014}, "iterate_groups": {"min_sample_count": 5, "average_sampling_res_diff": 0.1910508495973966, "average_sampling_resolution": 0.2865762743960949}, "psi_task_switch": {"min_sample_count": 10, "average_sampling_res_diff": 0.0827887014922052, "average_sampling_resolution": 0.27383955108960184}, "event_sched_in": {"min_sample_count": 2, "average_sampling_res_diff": 0.17194576463765698, "average_sampling_resolution": 0.2101559345571363}, "perf_event_groups_first": {"min_sample_count": 2, "average_sampling_res_diff": 0.07005197818571209, "average_sampling_resolution": 0.10826214810519141}, "x86_get_event_constraints": {"min_sample_count": 2, "average_sampling_res_diff": 0.06368361653246553, "average_sampling_resolution": 0.10189378645194487}, "rb_insert_color": {"min_sample_count": 2, "average_sampling_res_diff": 0.05731525487921899, "average_sampling_resolution": 0.09552542479869831}, "kmem_cache_alloc_node_trace": {"min_sample_count": 3, "average_sampling_res_diff": 0.03184180826623277, "average_sampling_resolution": 0.08915706314545176}, "__entry_text_start": {"min_sample_count": 3, "average_sampling_res_diff": 0.025473446612986218, "average_sampling_resolution": 0.0827887014922052}}}, "cycles": {"attack": {"perf_event_alloc": {"min_sample_count": 3, "average_sampling_res_diff": 0.060691870082448814, "average_sampling_resolution": 0.1699372362308567}, "visit_groups_merge.constprop.0.is": {"min_sample_count": 3, "average_sampling_res_diff": 0.012138374016489767, "average_sampling_resolution": 0.12138374016489763}, "native_write_msr": {"min_sample_count": 1, "average_sampling_res_diff": 0.03641512204946929, "average_sampling_resolution": 0.07283024409893858}}, "normal": {"psi_group_change": {"min_sample_count": 17, "average_sampling_res_diff": 0.16557740298441045, "average_sampling_resolution": 0.4903638472999847}, "syscall_return_via_sysret": {"min_sample_count": 4, "average_sampling_res_diff": 0.28657627439609495, "average_sampling_resolution": 0.3629966142350536}, "perf_event_alloc": {"min_sample_count": 6, "average_sampling_res_diff": 0.22926101951687597, "average_sampling_resolution": 0.34389152927531397}, "memset_erms": {"min_sample_count": 8, "average_sampling_res_diff": 0.18468248794415007, "average_sampling_resolution": 0.33752316762206735}, "native_write_msr": {"min_sample_count": 1, "average_sampling_res_diff": 0.07642033983895864, "average_sampling_resolution": 0.09552542479869831}}}, "instructions": {"attack": {}, "normal": {"psi_group_change": {"min_sample_count": 28, "average_sampling_res_diff": 0.10189378645194487, "average_sampling_resolution": 0.6368361653246554}, "event_sched_in": {"min_sample_count": 22, "average_sampling_res_diff": 0.12736723306493106, "average_sampling_resolution": 0.5476791021792037}, "kfree": {"min_sample_count": 5, "average_sampling_res_diff": 0.356628252581807, "average_sampling_resolution": 0.4521536773805053}, "merge_sched_in": {"min_sample_count": 7, "average_sampling_res_diff": 0.2101559345571363, "average_sampling_resolution": 0.34389152927531397}, "perf_event_groups_first": {"min_sample_count": 8, "average_sampling_res_diff": 0.1783141262909035, "average_sampling_resolution": 0.3311548059688208}, "rb_next": {"min_sample_count": 5, "average_sampling_res_diff": 0.2228926578636294, "average_sampling_resolution": 0.3184180826623277}, "perf_event_alloc": {"min_sample_count": 4, "average_sampling_res_diff": 0.24199774282336903, "average_sampling_resolution": 0.3184180826623277}, "calc_timer_values": {"min_sample_count": 4, "average_sampling_res_diff": 0.2101559345571363, "average_sampling_resolution": 0.28657627439609495}, "perf_pmu_nop_txn": {"min_sample_count": 5, "average_sampling_res_diff": 0.10189378645194487, "average_sampling_resolution": 0.19741921125064318}, "___perf_sw_event": {"min_sample_count": 5, "average_sampling_res_diff": 0.019105084959739668, "average_sampling_resolution": 0.11463050975843798}, "__intel_pmu_enable_all.constprop.": {"min_sample_count": 1, "average_sampling_res_diff": 0.03821016991947932, "average_sampling_resolution": 0.05731525487921899}}}}