{"branch": {"attack": 0.10428029913284398, "normal": 0.06337068147816893}, "cycles": {"attack": 0.10428029913284398, "normal": 0.06337068147816893}, "instructions": {"attack": 0.10428029913284398, "normal": 0.06337068147816893}, "time_diff": {"attack": 0.17909007894553675, "normal": 0.16149302699275403}, "branch_cycles": {"attack": 0.10428029913284398, "normal": 0.06337068147816893}, "branch_instructions": {"attack": 0.10428029913284398, "normal": 0.06337068147816893}, "branch_time_diff": {"attack": 0.41145378896980844, "normal": 4.098652140765467}, "cycles_instructions": {"attack": 0.10428029913284398, "normal": 0.06337068147816893}, "cycles_time_diff": {"attack": 0.41145378896980844, "normal": 4.098652140765467}, "instructions_time_diff": {"attack": 0.41145378896980844, "normal": 4.098652140765467}, "branch_cycles_instructions": {"attack": 0.10428029913284398, "normal": 0.06337068147816893}, "branch_cycles_time_diff": {"attack": 0.30906262569082027, "normal": 5.411038512023038}, "branch_instructions_time_diff": {"attack": 0.30906262569082027, "normal": 5.411038512023038}, "cycles_instructions_time_diff": {"attack": 0.30906262569082027, "normal": 5.411038512023038}, "branch_cycles_instructions_time_diff": {"attack": 0.2578670440513262, "normal": 6.067231697651824}}