{"branch": {"attack": 9.634592854664938, "normal": 8.974106183521396}, "cycles": {"attack": 9.634592854664938, "normal": 8.974106183521396}, "instructions": {"attack": 9.634592854664938, "normal": 8.974106183521396}, "time_diff": {"attack": 10.174130054526174, "normal": 1.001665610461386}, "branch_cycles": {"attack": 9.634592854664938, "normal": 8.974106183521396}, "branch_instructions": {"attack": 9.634592854664938, "normal": 8.974106183521396}, "branch_time_diff": {"attack": 9.634592854664938, "normal": 1.001665610461386}, "cycles_instructions": {"attack": 9.634592854664938, "normal": 8.974106183521396}, "cycles_time_diff": {"attack": 9.634592854664938, "normal": 1.001665610461386}, "instructions_time_diff": {"attack": 9.634592854664938, "normal": 1.001665610461386}, "branch_cycles_instructions": {"attack": 9.634592854664938, "normal": 8.974106183521396}, "branch_cycles_time_diff": {"attack": 9.634592854664938, "normal": 1.001665610461386}, "branch_instructions_time_diff": {"attack": 9.634592854664938, "normal": 1.001665610461386}, "cycles_instructions_time_diff": {"attack": 9.634592854664938, "normal": 1.001665610461386}, "branch_cycles_instructions_time_diff": {"attack": 9.634592854664938, "normal": 1.001665610461386}}