{"branch": {"attack": 0.0, "normal": 0.0}, "cycles": {"attack": 0.0, "normal": 0.0}, "instructions": {"attack": 0.0, "normal": 0.0}, "time_diff": {"attack": 0.1315228965649148, "normal": 0.1239882569074486}, "branch_cycles": {"attack": 0.0, "normal": 0.0}, "branch_instructions": {"attack": 0.0, "normal": 0.0}, "branch_time_diff": {"attack": 0.5456360726373148, "normal": 1.4787550500395361}, "cycles_instructions": {"attack": 0.0, "normal": 0.0}, "cycles_time_diff": {"attack": 0.5456360726373148, "normal": 1.4787550500395361}, "instructions_time_diff": {"attack": 0.5456360726373148, "normal": 1.4787550500395361}, "branch_cycles_instructions": {"attack": 0.0, "normal": 0.0}, "branch_cycles_time_diff": {"attack": 0.43650885810985185, "normal": 2.2916151259187885}, "branch_instructions_time_diff": {"attack": 0.43650885810985185, "normal": 2.2916151259187885}, "cycles_instructions_time_diff": {"attack": 0.43650885810985185, "normal": 2.2916151259187885}, "branch_cycles_instructions_time_diff": {"attack": 0.3637573817582099, "normal": 2.833521843171624}}