{"branch": {"attack": 5.507406326088899, "normal": 6.097100857155097}, "cycles": {"attack": 5.507406326088899, "normal": 6.097100857155097}, "instructions": {"attack": 5.507406326088899, "normal": 6.097100857155097}, "time_diff": {"attack": 6.1033981930404035, "normal": 0.5540454277192985}, "branch_cycles": {"attack": 5.507406326088899, "normal": 6.097100857155097}, "branch_instructions": {"attack": 5.507406326088899, "normal": 6.097100857155097}, "branch_time_diff": {"attack": 5.507406326088899, "normal": 0.5540454277192985}, "cycles_instructions": {"attack": 5.507406326088899, "normal": 6.097100857155097}, "cycles_time_diff": {"attack": 5.507406326088899, "normal": 0.5540454277192985}, "instructions_time_diff": {"attack": 5.507406326088899, "normal": 0.5540454277192985}, "branch_cycles_instructions": {"attack": 5.507406326088899, "normal": 6.097100857155097}, "branch_cycles_time_diff": {"attack": 5.507406326088899, "normal": 0.5540454277192985}, "branch_instructions_time_diff": {"attack": 5.507406326088899, "normal": 0.5540454277192985}, "cycles_instructions_time_diff": {"attack": 5.507406326088899, "normal": 0.5540454277192985}, "branch_cycles_instructions_time_diff": {"attack": 5.507406326088899, "normal": 0.5540454277192985}}