{"branch": {"attack": 0.08373198896461531, "normal": 0.15335563841624555}, "cycles": {"attack": 0.08373198896461531, "normal": 0.15335563841624555}, "instructions": {"attack": 0.08373198896461531, "normal": 0.15335563841624555}, "time_diff": {"attack": 0.12472577522854185, "normal": 0.11790245319098432}, "branch_cycles": {"attack": 0.08373198896461531, "normal": 0.15335563841624555}, "branch_instructions": {"attack": 0.08373198896461531, "normal": 0.15335563841624555}, "branch_time_diff": {"attack": 2.0771638720753383, "normal": 4.286125195198125}, "cycles_instructions": {"attack": 0.08373198896461531, "normal": 0.15335563841624555}, "cycles_time_diff": {"attack": 2.0771638720753383, "normal": 4.286125195198125}, "instructions_time_diff": {"attack": 2.0771638720753383, "normal": 4.286125195198125}, "branch_cycles_instructions": {"attack": 0.08373198896461531, "normal": 0.15335563841624555}, "branch_cycles_time_diff": {"attack": 2.7279765710242696, "normal": 5.675532775867173}, "branch_instructions_time_diff": {"attack": 2.7279765710242696, "normal": 5.675532775867173}, "cycles_instructions_time_diff": {"attack": 2.7279765710242696, "normal": 5.675532775867173}, "branch_cycles_instructions_time_diff": {"attack": 3.0533829204987355, "normal": 6.370236566201696}}