{"branch": {"attack": 9.733843717136585, "normal": 8.827843121089995}, "cycles": {"attack": 9.733843717136585, "normal": 8.827843121089995}, "instructions": {"attack": 9.733843717136585, "normal": 8.827843121089995}, "time_diff": {"attack": 5.787973737179066, "normal": 0.526850822300972}, "branch_cycles": {"attack": 9.733843717136585, "normal": 8.827843121089995}, "branch_instructions": {"attack": 9.733843717136585, "normal": 8.827843121089995}, "branch_time_diff": {"attack": 5.787973737179066, "normal": 0.526850822300972}, "cycles_instructions": {"attack": 9.733843717136585, "normal": 8.827843121089995}, "cycles_time_diff": {"attack": 5.787973737179066, "normal": 0.526850822300972}, "instructions_time_diff": {"attack": 5.787973737179066, "normal": 0.526850822300972}, "branch_cycles_instructions": {"attack": 9.733843717136585, "normal": 8.827843121089995}, "branch_cycles_time_diff": {"attack": 5.787973737179066, "normal": 0.526850822300972}, "branch_instructions_time_diff": {"attack": 5.787973737179066, "normal": 0.526850822300972}, "cycles_instructions_time_diff": {"attack": 5.787973737179066, "normal": 0.526850822300972}, "branch_cycles_instructions_time_diff": {"attack": 5.787973737179066, "normal": 0.526850822300972}}