{"branch": {"attack": 0.0, "normal": 0.0}, "cycles": {"attack": 0.0, "normal": 0.0}, "instructions": {"attack": 0.0, "normal": 0.0}, "time_diff": {"attack": 1.325663528313885, "normal": 0.8863082073075889}, "branch_cycles": {"attack": 0.0, "normal": 0.0}, "branch_instructions": {"attack": 0.0, "normal": 0.0}, "branch_time_diff": {"attack": 1.0979952267121527, "normal": 1.7850123335985004}, "cycles_instructions": {"attack": 0.0, "normal": 0.0}, "cycles_time_diff": {"attack": 1.0979952267121527, "normal": 1.7850123335985004}, "instructions_time_diff": {"attack": 1.0979952267121527, "normal": 1.7850123335985004}, "branch_cycles_instructions": {"attack": 0.0, "normal": 0.0}, "branch_cycles_time_diff": {"attack": 0.9613942457511133, "normal": 2.3242348093730474}, "branch_instructions_time_diff": {"attack": 0.9613942457511133, "normal": 2.3242348093730474}, "cycles_instructions_time_diff": {"attack": 0.9613942457511133, "normal": 2.3242348093730474}, "branch_cycles_instructions_time_diff": {"attack": 0.8703269251104203, "normal": 2.683716459889412}}