{"branch": {"attack": 0.0, "normal": 0.0}, "cycles": {"attack": 0.0, "normal": 0.0}, "instructions": {"attack": 0.0, "normal": 0.0}, "time_diff": {"attack": 0.0, "normal": 0.0}, "branch_cycles": {"attack": 0.0, "normal": 0.0}, "branch_instructions": {"attack": 0.0, "normal": 0.0}, "branch_time_diff": {"attack": 1.0246341741346896, "normal": 3.835903077699192}, "cycles_instructions": {"attack": 0.0, "normal": 0.0}, "cycles_time_diff": {"attack": 1.0246341741346896, "normal": 3.835903077699192}, "instructions_time_diff": {"attack": 1.0246341741346896, "normal": 3.835903077699192}, "branch_cycles_instructions": {"attack": 0.0, "normal": 0.0}, "branch_cycles_time_diff": {"attack": 0.6830894494231264, "normal": 5.114537436932256}, "branch_instructions_time_diff": {"attack": 0.6830894494231264, "normal": 5.114537436932256}, "cycles_instructions_time_diff": {"attack": 0.6830894494231264, "normal": 5.114537436932256}, "branch_cycles_instructions_time_diff": {"attack": 0.5123170870673448, "normal": 5.753854616548788}}