{"branch": {"attack": 9.848321117273581, "normal": 8.689933701254992}, "cycles": {"attack": 9.848321117273581, "normal": 8.689933701254992}, "instructions": {"attack": 9.848321117273581, "normal": 8.689933701254992}, "time_diff": {"attack": 11.89758946554296, "normal": 1.018127545856608}, "branch_cycles": {"attack": 9.848321117273581, "normal": 8.689933701254992}, "branch_instructions": {"attack": 9.848321117273581, "normal": 8.689933701254992}, "branch_time_diff": {"attack": 9.848321117273581, "normal": 1.018127545856608}, "cycles_instructions": {"attack": 9.848321117273581, "normal": 8.689933701254992}, "cycles_time_diff": {"attack": 9.848321117273581, "normal": 1.018127545856608}, "instructions_time_diff": {"attack": 9.848321117273581, "normal": 1.018127545856608}, "branch_cycles_instructions": {"attack": 9.848321117273581, "normal": 8.689933701254992}, "branch_cycles_time_diff": {"attack": 9.848321117273581, "normal": 1.018127545856608}, "branch_instructions_time_diff": {"attack": 9.848321117273581, "normal": 1.018127545856608}, "cycles_instructions_time_diff": {"attack": 9.848321117273581, "normal": 1.018127545856608}, "branch_cycles_instructions_time_diff": {"attack": 9.848321117273581, "normal": 1.018127545856608}}