{"branch": {"attack": 0.01181616709723965, "normal": 0.11118034463212823}, "cycles": {"attack": 0.01181616709723965, "normal": 0.11118034463212823}, "instructions": {"attack": 0.01181616709723965, "normal": 0.11118034463212823}, "time_diff": {"attack": 0.07562346942233589, "normal": 0.06841867361977144}, "branch_cycles": {"attack": 0.01181616709723965, "normal": 0.11118034463212823}, "branch_instructions": {"attack": 0.01181616709723965, "normal": 0.11118034463212823}, "branch_time_diff": {"attack": 0.4407430327270485, "normal": 3.996078156104773}, "cycles_instructions": {"attack": 0.01181616709723965, "normal": 0.11118034463212823}, "cycles_time_diff": {"attack": 0.4407430327270485, "normal": 3.996078156104773}, "instructions_time_diff": {"attack": 0.4407430327270485, "normal": 3.996078156104773}, "branch_cycles_instructions": {"attack": 0.01181616709723965, "normal": 0.11118034463212823}, "branch_cycles_time_diff": {"attack": 0.29776741085044556, "normal": 5.305297983599773}, "branch_instructions_time_diff": {"attack": 0.29776741085044556, "normal": 5.305297983599773}, "cycles_instructions_time_diff": {"attack": 0.29776741085044556, "normal": 5.305297983599773}, "branch_cycles_instructions_time_diff": {"attack": 0.22627959991214408, "normal": 5.959907897347273}}