{"branch": {"attack": 9.660898218703357, "normal": 8.723380886520852}, "cycles": {"attack": 9.660898218703357, "normal": 8.723380886520852}, "instructions": {"attack": 9.660898218703357, "normal": 8.723380886520852}, "time_diff": {"attack": 10.454944647637879, "normal": 0.9108235925632066}, "branch_cycles": {"attack": 9.660898218703357, "normal": 8.723380886520852}, "branch_instructions": {"attack": 9.660898218703357, "normal": 8.723380886520852}, "branch_time_diff": {"attack": 9.660898218703357, "normal": 0.9108235925632066}, "cycles_instructions": {"attack": 9.660898218703357, "normal": 8.723380886520852}, "cycles_time_diff": {"attack": 9.660898218703357, "normal": 0.9108235925632066}, "instructions_time_diff": {"attack": 9.660898218703357, "normal": 0.9108235925632066}, "branch_cycles_instructions": {"attack": 9.660898218703357, "normal": 8.723380886520852}, "branch_cycles_time_diff": {"attack": 9.660898218703357, "normal": 0.9108235925632066}, "branch_instructions_time_diff": {"attack": 9.660898218703357, "normal": 0.9108235925632066}, "cycles_instructions_time_diff": {"attack": 9.660898218703357, "normal": 0.9108235925632066}, "branch_cycles_instructions_time_diff": {"attack": 9.660898218703357, "normal": 0.9108235925632066}}